uid,text,fluency,omission,addition,repetition,evaluator_name,language_code,eid,team_name,category,triple_count,tripleset,stratum,sample_id,reference_text,system
ga_400,"Tá ceampas an Institiúide Teicneolaíochta Acharya in Soldevanahalli, Acharya Dr. Sarvapalli Radhakrishnan Road, Hessarghatta Main Road, Bangalore 560090. Tugadh stádas 'Campas Teicniúil' don Institiúid ag Comhairle na hIndia ar Fhoghlaim Teicniúil agus tugadh stádas 'Campas Teicniúil' dó ag Comhairle na hIndia ar Fhoghlaim Teicniúil. Is é an Stiúrthóir an Dr. G.P. Prabhukumar agus is é an tenis ceann de na spóirt a thairgeann an Institiúid.  Tá Comhairle na hIndia ar Fhoghlaim Teicniúil suite i Mumbai.  Bunaíodh Bangalore ag Kempe Gowda I.",2,False,False,False,A006,ga,1232,team_a,University,7,"Acharya_Institute_of_Technology | campus | ""In Soldevanahalli, Acharya Dr. Sarvapalli Radhakrishnan Road, Hessarghatta Main Road, Bangalore – 560090.""<br>All_India_Council_for_Technical_Education | location | Mumbai<br>Acharya_Institute_of_Technology | director | ""Dr. G. P. Prabhukumar""<br>Bangalore | founder | Kempe_Gowda_I<br>Acharya_Institute_of_Technology | sportsOffered | Tennis<br>Acharya_Institute_of_Technology | city | Bangalore<br>Acharya_Institute_of_Technology | wasGivenTheTechnicalCampusStatusBy | All_India_Council_for_Technical_Education",University#7,0,"""Tá campas Institiúid Teicneolaíochta Acharya suite i Soldevanahalli, Acharya Dr. Sarvapalli Radhakrishnan Road, Hessarghatta Main Road, Bangalore – 560090. Bhunaigh Kempe Gowda I an Institiúid agus is é an stiúrthóir reatha an Dr. G. P. P. Prabhukumar. Is é ceann de na spóirt ar thairiscint ná leadóg. Thug an Chomhairle Uile-India um Oideachas Teicniúil, atá lonnaithe in Mumbai, an stádas de Champas Teicniúil don Institiúid.""",ref
ga_100,"Tá Institiúid Teicneolaíochta Acharya lonnaithe i Soldevanahalli, Acharya Dr. Sarvapalli Radhakrishnan Road, Hessarghatta Main Road, Bangalore – 560090. Bhunaigh Kempe Gowda I í agus tá sé faoi stiúir an Dr. G. P. Prabhukumar faoi láthair. Thug Comhairle Uile-India um Oideachas Teicniúil i Mumbai stádas teicniúil an champais dó. Cuireann an institiúid spóirt mar leadóg ar fáil.",4,True,True,True,A008,ga,1232,team_g,University,7,"Acharya_Institute_of_Technology | campus | ""In Soldevanahalli, Acharya Dr. Sarvapalli Radhakrishnan Road, Hessarghatta Main Road, Bangalore – 560090.""<br>All_India_Council_for_Technical_Education | location | Mumbai<br>Acharya_Institute_of_Technology | director | ""Dr. G. P. Prabhukumar""<br>Bangalore | founder | Kempe_Gowda_I<br>Acharya_Institute_of_Technology | sportsOffered | Tennis<br>Acharya_Institute_of_Technology | city | Bangalore<br>Acharya_Institute_of_Technology | wasGivenTheTechnicalCampusStatusBy | All_India_Council_for_Technical_Education",University#7,0,"""Tá campas Institiúid Teicneolaíochta Acharya suite i Soldevanahalli, Acharya Dr. Sarvapalli Radhakrishnan Road, Hessarghatta Main Road, Bangalore – 560090. Bhunaigh Kempe Gowda I an Institiúid agus is é an stiúrthóir reatha an Dr. G. P. P. Prabhukumar. Is é ceann de na spóirt ar thairiscint ná leadóg. Thug an Chomhairle Uile-India um Oideachas Teicniúil, atá lonnaithe in Mumbai, an stádas de Champas Teicniúil don Institiúid.""",ref
ga_300,"Tá Institiúid Teicneolaíochta Acharya lonnaithe i Soldevanahalli, Sr. Acharya Sarvapalli Radhakrishnan Road, Hessarghatta Main Road, Bangalore  560090. Thug an Comhairle Uile-India dOideachas Theicniúil i Mumbai stádas Ceanad na Campas Teicniúil dó. Is é an Dr. G. P. Prabhukumar stiúrthóir aige.",2,False,True,True,A009,ga,1232,team_d,University,7,"Acharya_Institute_of_Technology | campus | ""In Soldevanahalli, Acharya Dr. Sarvapalli Radhakrishnan Road, Hessarghatta Main Road, Bangalore – 560090.""<br>All_India_Council_for_Technical_Education | location | Mumbai<br>Acharya_Institute_of_Technology | director | ""Dr. G. P. Prabhukumar""<br>Bangalore | founder | Kempe_Gowda_I<br>Acharya_Institute_of_Technology | sportsOffered | Tennis<br>Acharya_Institute_of_Technology | city | Bangalore<br>Acharya_Institute_of_Technology | wasGivenTheTechnicalCampusStatusBy | All_India_Council_for_Technical_Education",University#7,0,"""Tá campas Institiúid Teicneolaíochta Acharya suite i Soldevanahalli, Acharya Dr. Sarvapalli Radhakrishnan Road, Hessarghatta Main Road, Bangalore – 560090. Bhunaigh Kempe Gowda I an Institiúid agus is é an stiúrthóir reatha an Dr. G. P. P. Prabhukumar. Is é ceann de na spóirt ar thairiscint ná leadóg. Thug an Chomhairle Uile-India um Oideachas Teicniúil, atá lonnaithe in Mumbai, an stádas de Champas Teicniúil don Institiúid.""",ref
ga_0,"Tá Acharya Institute of Technology, atá Dr. G. P. Prabhukumar ina stiúrthóir air, lonnaithe in In Soldevanahalli, Acharya Dr. Sarvapalli Radhakrishnan Road, Hessarghatta Main Road, Bangalore – 560090. agus Bangalore. Cuireann sé Leadóg ar fháil mar spórt. Thug All India Council for Technical Education stádas 'Campas Teicniúil' dó agus tá sé lonnaithe i Mumbai. Is bunaitheoir de Bhangalore é Kempe Gowda I.",5,True,True,True,A005,ga,1232,team_b,University,7,"Acharya_Institute_of_Technology | campus | ""In Soldevanahalli, Acharya Dr. Sarvapalli Radhakrishnan Road, Hessarghatta Main Road, Bangalore – 560090.""<br>All_India_Council_for_Technical_Education | location | Mumbai<br>Acharya_Institute_of_Technology | director | ""Dr. G. P. Prabhukumar""<br>Bangalore | founder | Kempe_Gowda_I<br>Acharya_Institute_of_Technology | sportsOffered | Tennis<br>Acharya_Institute_of_Technology | city | Bangalore<br>Acharya_Institute_of_Technology | wasGivenTheTechnicalCampusStatusBy | All_India_Council_for_Technical_Education",University#7,0,"""Tá campas Institiúid Teicneolaíochta Acharya suite i Soldevanahalli, Acharya Dr. Sarvapalli Radhakrishnan Road, Hessarghatta Main Road, Bangalore – 560090. Bhunaigh Kempe Gowda I an Institiúid agus is é an stiúrthóir reatha an Dr. G. P. P. Prabhukumar. Is é ceann de na spóirt ar thairiscint ná leadóg. Thug an Chomhairle Uile-India um Oideachas Teicniúil, atá lonnaithe in Mumbai, an stádas de Champas Teicniúil don Institiúid.""",ref
ga_200,"""Tá campas Institiúid Teicneolaíochta Acharya suite i Soldevanahalli, Acharya Dr. Sarvapalli Radhakrishnan Road, Hessarghatta Main Road, Bangalore – 560090. Bhunaigh Kempe Gowda I an Institiúid agus is é an stiúrthóir reatha an Dr. G. P. P. Prabhukumar. Is é ceann de na spóirt ar thairiscint ná leadóg. Thug an Chomhairle Uile-India um Oideachas Teicniúil, atá lonnaithe in Mumbai, an stádas de Champas Teicniúil don Institiúid.""",3,False,False,True,A007,ga,1232,refs,University,7,"Acharya_Institute_of_Technology | campus | ""In Soldevanahalli, Acharya Dr. Sarvapalli Radhakrishnan Road, Hessarghatta Main Road, Bangalore – 560090.""<br>All_India_Council_for_Technical_Education | location | Mumbai<br>Acharya_Institute_of_Technology | director | ""Dr. G. P. Prabhukumar""<br>Bangalore | founder | Kempe_Gowda_I<br>Acharya_Institute_of_Technology | sportsOffered | Tennis<br>Acharya_Institute_of_Technology | city | Bangalore<br>Acharya_Institute_of_Technology | wasGivenTheTechnicalCampusStatusBy | All_India_Council_for_Technical_Education",University#7,0,"""Tá campas Institiúid Teicneolaíochta Acharya suite i Soldevanahalli, Acharya Dr. Sarvapalli Radhakrishnan Road, Hessarghatta Main Road, Bangalore – 560090. Bhunaigh Kempe Gowda I an Institiúid agus is é an stiúrthóir reatha an Dr. G. P. P. Prabhukumar. Is é ceann de na spóirt ar thairiscint ná leadóg. Thug an Chomhairle Uile-India um Oideachas Teicniúil, atá lonnaithe in Mumbai, an stádas de Champas Teicniúil don Institiúid.""",ref
ga_401,Ba mhac John Mills é Hayley Mills.,2,False,False,True,A006,ga,1688,team_d,Film,1,John_Mills | child | Hayley_Mills,Film#1,1,Is leanbh le John Mills í Hayley Mills.,ref
ga_101,Bhí Hayley Mills ina bhean chéile John Mills.,4,False,False,True,A008,ga,1688,team_a,Film,1,John_Mills | child | Hayley_Mills,Film#1,1,Is leanbh le John Mills í Hayley Mills.,ref
ga_301,Is páiste de John Mills í Hayley Mills.,2,True,True,True,A009,ga,1688,team_b,Film,1,John_Mills | child | Hayley_Mills,Film#1,1,Is leanbh le John Mills í Hayley Mills.,ref
ga_1,Is leanbh le John Mills í Hayley Mills.,5,True,True,True,A005,ga,1688,refs,Film,1,John_Mills | child | Hayley_Mills,Film#1,1,Is leanbh le John Mills í Hayley Mills.,ref
ga_201,Is é John Mills tuismitheoir Hayley Mills.,5,True,True,True,A007,ga,1688,team_g,Film,1,John_Mills | child | Hayley_Mills,Film#1,1,Is leanbh le John Mills í Hayley Mills.,ref
ga_402,"""Tá an ALCO RS-3 17068.8 (milliméadar) ar fad agus ba é an líon iomlán a rinneadh ná 1,418.""",4,True,True,True,A006,ga,517,refs,MeanOfTransportation,2,ALCO_RS-3 | totalProduction | 1418<br>ALCO_RS-3 | length | 17068.8 (millimetres),MeanOfTransportation#2,2,"""Tá an ALCO RS-3 17068.8 (milliméadar) ar fad agus ba é an líon iomlán a rinneadh ná 1,418.""",ref
ga_102,"Rinneadh 1418 ALCO RS-3 san iomlán agus is é a fhad ná 17,068.8 millimetres.",3,True,True,True,A008,ga,517,team_b,MeanOfTransportation,2,ALCO_RS-3 | totalProduction | 1418<br>ALCO_RS-3 | length | 17068.8 (millimetres),MeanOfTransportation#2,2,"""Tá an ALCO RS-3 17068.8 (milliméadar) ar fad agus ba é an líon iomlán a rinneadh ná 1,418.""",ref
ga_302,Táirgeadh an ALCO RS-3 1418 uair san iomlán agus tá fad 17068.8 milliméadar aige.,3,False,False,True,A009,ga,517,team_g,MeanOfTransportation,2,ALCO_RS-3 | totalProduction | 1418<br>ALCO_RS-3 | length | 17068.8 (millimetres),MeanOfTransportation#2,2,"""Tá an ALCO RS-3 17068.8 (milliméadar) ar fad agus ba é an líon iomlán a rinneadh ná 1,418.""",ref
ga_2,Tá an ALCO RS-3 17068.8 milliméadar ar fhad agus rinneadh 1418.,2,True,True,True,A005,ga,517,team_a,MeanOfTransportation,2,ALCO_RS-3 | totalProduction | 1418<br>ALCO_RS-3 | length | 17068.8 (millimetres),MeanOfTransportation#2,2,"""Tá an ALCO RS-3 17068.8 (milliméadar) ar fad agus ba é an líon iomlán a rinneadh ná 1,418.""",ref
ga_202,Tá táirgeadh iomlán 1418 ag an ALCO RS-3 agus fad 17068.8 milliméadar aige.,4,True,True,True,A007,ga,517,team_d,MeanOfTransportation,2,ALCO_RS-3 | totalProduction | 1418<br>ALCO_RS-3 | length | 17068.8 (millimetres),MeanOfTransportation#2,2,"""Tá an ALCO RS-3 17068.8 (milliméadar) ar fad agus ba é an líon iomlán a rinneadh ná 1,418.""",ref
ga_403,"Tá daonra 1,777,539 ag Ciudad Ayala agus dlús daonra 1,604.0.",4,True,True,True,A006,ga,1434,team_g,City,2,Ciudad_Ayala | populationMetro | 1777539<br>Ciudad_Ayala | populationDensity | 1604.0,City#2,3,"""Is é daonra Ciudad Ayala 1,777,539 agus tá dlús daonra 1604 aige.""",ref
ga_103,"""Is é daonra Ciudad Ayala 1,777,539 agus tá dlús daonra 1604 aige.""",4,True,True,True,A008,ga,1434,refs,City,2,Ciudad_Ayala | populationMetro | 1777539<br>Ciudad_Ayala | populationDensity | 1604.0,City#2,3,"""Is é daonra Ciudad Ayala 1,777,539 agus tá dlús daonra 1604 aige.""",ref
ga_303,Tá dlús daonra i Ciudad Ayala de 1604.0 agus tá méideanna daonra de 1776539.,2,True,True,True,A009,ga,1434,team_a,City,2,Ciudad_Ayala | populationMetro | 1777539<br>Ciudad_Ayala | populationDensity | 1604.0,City#2,3,"""Is é daonra Ciudad Ayala 1,777,539 agus tá dlús daonra 1604 aige.""",ref
ga_3,Tá dlús daonra 1604.0 ag Ciudad Ayala agus limistéar mhetró 1777539 aige.,5,True,True,True,A005,ga,1434,team_d,City,2,Ciudad_Ayala | populationMetro | 1777539<br>Ciudad_Ayala | populationDensity | 1604.0,City#2,3,"""Is é daonra Ciudad Ayala 1,777,539 agus tá dlús daonra 1604 aige.""",ref
ga_203,"Tá daonra de 1,777,539 ag achar cathrach Ciudad Ayala. Is é an dlús daonra de Chiudad Ayala ná 1,604.",4,True,True,True,A007,ga,1434,team_b,City,2,Ciudad_Ayala | populationMetro | 1777539<br>Ciudad_Ayala | populationDensity | 1604.0,City#2,3,"""Is é daonra Ciudad Ayala 1,777,539 agus tá dlús daonra 1604 aige.""",ref
ga_404,Tá GMA New Media san earnáil Meáin chumarsáide. Is príomhdhuine é Felipe Gozon aige agus is cuideachta meáin é.,3,False,False,True,A006,ga,1313,team_b,Company,4,GMA_New_Media | industry | Mass_Media<br>GMA_New_Media | keyPerson | Felipe_Gozon<br>GMA_New_Media | industry | Entertainment<br>GMA_New_Media | type | Media_company,Company#4,4,"""Is príomhdhuine é Felipe Gozon in GMA New Media, cuideachta i dtionscal na meán cumarsáide. Is cuideachta meán é GMA New Media, Inc., i dtionscal na siamsaíochta.""",ref
ga_104,"Is comhlacht meán é GMA New Media sa tionscal meán cumarsáide, áit a bhfuil Felipe Gozon ina dhuine mór.",3,False,True,True,A008,ga,1313,team_d,Company,4,GMA_New_Media | industry | Mass_Media<br>GMA_New_Media | keyPerson | Felipe_Gozon<br>GMA_New_Media | industry | Entertainment<br>GMA_New_Media | type | Media_company,Company#4,4,"""Is príomhdhuine é Felipe Gozon in GMA New Media, cuideachta i dtionscal na meán cumarsáide. Is cuideachta meán é GMA New Media, Inc., i dtionscal na siamsaíochta.""",ref
ga_304,"""Is príomhdhuine é Felipe Gozon in GMA New Media, cuideachta i dtionscal na meán cumarsáide. Is cuideachta meán é GMA New Media, Inc., i dtionscal na siamsaíochta.""",2,True,True,False,A009,ga,1313,refs,Company,4,GMA_New_Media | industry | Mass_Media<br>GMA_New_Media | keyPerson | Felipe_Gozon<br>GMA_New_Media | industry | Entertainment<br>GMA_New_Media | type | Media_company,Company#4,4,"""Is príomhdhuine é Felipe Gozon in GMA New Media, cuideachta i dtionscal na meán cumarsáide. Is cuideachta meán é GMA New Media, Inc., i dtionscal na siamsaíochta.""",ref
ga_4,"Is cuideachta meáin é GMA New Media i dtionscail na hollmheáin agus na siamsaíochta, agus Felipe Gozon mar phríomhdhuine aige.",5,True,True,True,A005,ga,1313,team_g,Company,4,GMA_New_Media | industry | Mass_Media<br>GMA_New_Media | keyPerson | Felipe_Gozon<br>GMA_New_Media | industry | Entertainment<br>GMA_New_Media | type | Media_company,Company#4,4,"""Is príomhdhuine é Felipe Gozon in GMA New Media, cuideachta i dtionscal na meán cumarsáide. Is cuideachta meán é GMA New Media, Inc., i dtionscal na siamsaíochta.""",ref
ga_204,Is cuideachta meán é GMA New Media sa tionscal na meáin mhóra agus tá Felipe Gozon ina phríomh-phcéal.,3,False,False,True,A007,ga,1313,team_a,Company,4,GMA_New_Media | industry | Mass_Media<br>GMA_New_Media | keyPerson | Felipe_Gozon<br>GMA_New_Media | industry | Entertainment<br>GMA_New_Media | type | Media_company,Company#4,4,"""Is príomhdhuine é Felipe Gozon in GMA New Media, cuideachta i dtionscal na meán cumarsáide. Is cuideachta meán é GMA New Media, Inc., i dtionscal na siamsaíochta.""",ref
ga_405,Rugadh Alan Shepard i New Hampshire agus fuair sé bás i gCalifornia. Bronnadh Bonn Seirbhíse Oirirce (Cabhlach na Stát Aontaithe) air.,4,True,True,True,A006,ga,23,team_g,Astronaut,3,Alan_Shepard | deathPlace | California<br>Alan_Shepard | birthPlace | New_Hampshire<br>Alan_Shepard | award | Distinguished_Service_Medal_(United_States_Navy),Astronaut#3,5,Rugadh faighteoir an Bhoinn Scothsheirbhíse (Cabhlach SAM) Alan Shepard in New Hampshire ach fuair sé bás in Califoirnia.,ref
ga_105,"Fuair Alan Shepard, a rugadh i New Hampshire, bás i gCalifornia agus an Distinguished Service Medal.",2,False,True,True,A008,ga,23,team_b,Astronaut,3,Alan_Shepard | deathPlace | California<br>Alan_Shepard | birthPlace | New_Hampshire<br>Alan_Shepard | award | Distinguished_Service_Medal_(United_States_Navy),Astronaut#3,5,Rugadh faighteoir an Bhoinn Scothsheirbhíse (Cabhlach SAM) Alan Shepard in New Hampshire ach fuair sé bás in Califoirnia.,ref
ga_305,Rugadh faighteoir an Bhoinn Scothsheirbhíse (Cabhlach SAM) Alan Shepard in New Hampshire ach fuair sé bás in Califoirnia.,2,True,True,True,A009,ga,23,refs,Astronaut,3,Alan_Shepard | deathPlace | California<br>Alan_Shepard | birthPlace | New_Hampshire<br>Alan_Shepard | award | Distinguished_Service_Medal_(United_States_Navy),Astronaut#3,5,Rugadh faighteoir an Bhoinn Scothsheirbhíse (Cabhlach SAM) Alan Shepard in New Hampshire ach fuair sé bás in Califoirnia.,ref
ga_5,Rugadh Alan Shepard i New Hampshire agus cailleadh i California é. Bronnadh Bonn Seirbhíse Chéimiúil na Stát Aontaithe air.,5,True,True,True,A005,ga,23,team_d,Astronaut,3,Alan_Shepard | deathPlace | California<br>Alan_Shepard | birthPlace | New_Hampshire<br>Alan_Shepard | award | Distinguished_Service_Medal_(United_States_Navy),Astronaut#3,5,Rugadh faighteoir an Bhoinn Scothsheirbhíse (Cabhlach SAM) Alan Shepard in New Hampshire ach fuair sé bás in Califoirnia.,ref
ga_205,Rugadh Alan Shepard i Nua Hampshire agus fuair sé bás i California. Tugadh an Mádal Seirbhíse Diúltaithe dó ag an mBreatain Aontaithe.,2,False,False,True,A007,ga,23,team_a,Astronaut,3,Alan_Shepard | deathPlace | California<br>Alan_Shepard | birthPlace | New_Hampshire<br>Alan_Shepard | award | Distinguished_Service_Medal_(United_States_Navy),Astronaut#3,5,Rugadh faighteoir an Bhoinn Scothsheirbhíse (Cabhlach SAM) Alan Shepard in New Hampshire ach fuair sé bás in Califoirnia.,ref
ga_406,Is fosheánra de Shludge metal é Southern sludge.,5,True,True,True,A006,ga,109,team_b,MusicalWork,1,Sludge_metal | musicSubgenre | Southern_sludge,MusicalWork#1,6,Tá cineál eile de mhiotal sloda ann ar a dtugtar sloda desiceartach.,ref
ga_106,Is fo-ghnéas ceoil é an sludge metal ó thír na hOstair.,2,False,False,True,A008,ga,109,team_a,MusicalWork,1,Sludge_metal | musicSubgenre | Southern_sludge,MusicalWork#1,6,Tá cineál eile de mhiotal sloda ann ar a dtugtar sloda desiceartach.,ref
ga_306,Is fo-seánra ceoil é Slamge Theas.,2,True,True,True,A009,ga,109,team_d,MusicalWork,1,Sludge_metal | musicSubgenre | Southern_sludge,MusicalWork#1,6,Tá cineál eile de mhiotal sloda ann ar a dtugtar sloda desiceartach.,ref
ga_6,Is subgenre de sloda an Deiscirt é miotal sloda.,3,True,True,True,A005,ga,109,team_g,MusicalWork,1,Sludge_metal | musicSubgenre | Southern_sludge,MusicalWork#1,6,Tá cineál eile de mhiotal sloda ann ar a dtugtar sloda desiceartach.,ref
ga_206,Tá cineál eile de mhiotal sloda ann ar a dtugtar sloda desiceartach.,5,True,True,True,A007,ga,109,refs,MusicalWork,1,Sludge_metal | musicSubgenre | Southern_sludge,MusicalWork#1,6,Tá cineál eile de mhiotal sloda ann ar a dtugtar sloda desiceartach.,ref
ga_407,"Lean Live at Roadburn 2008 (Séan de No Light) ar an bpacáiste ""Nó Light"".",2,False,False,True,A006,ga,1211,team_a,MusicalWork,1,Nord_(Year_of_No_Light_album) | followedBy | Live_at_Roadburn_2008_(Year_of_No_Light_album),MusicalWork#1,7,D'eisigh The Year of No Light an t-albam Live at Roadburn 2008 tar éis an albaim Nord dá chuid.,ref
ga_107,D'eisigh The Year of No Light an t-albam Live at Roadburn 2008 tar éis an albaim Nord dá chuid.,5,True,True,True,A008,ga,1211,refs,MusicalWork,1,Nord_(Year_of_No_Light_album) | followedBy | Live_at_Roadburn_2008_(Year_of_No_Light_album),MusicalWork#1,7,D'eisigh The Year of No Light an t-albam Live at Roadburn 2008 tar éis an albaim Nord dá chuid.,ref
ga_307,Lean an albam Nord by Year of No Light leis an albam Live at Roadburn 2008 le Year of No Light.,2,True,True,True,A009,ga,1211,team_g,MusicalWork,1,Nord_(Year_of_No_Light_album) | followedBy | Live_at_Roadburn_2008_(Year_of_No_Light_album),MusicalWork#1,7,D'eisigh The Year of No Light an t-albam Live at Roadburn 2008 tar éis an albaim Nord dá chuid.,ref
ga_7,Leanann Live at Roadburn 2008 Nord.,4,False,True,True,A005,ga,1211,team_b,MusicalWork,1,Nord_(Year_of_No_Light_album) | followedBy | Live_at_Roadburn_2008_(Year_of_No_Light_album),MusicalWork#1,7,D'eisigh The Year of No Light an t-albam Live at Roadburn 2008 tar éis an albaim Nord dá chuid.,ref
ga_207,Tháinig Live at Roseburn 2008 (albam Year of No Light) i ndiaidh Nord (Aíon na Nollag).,2,True,True,True,A007,ga,1211,team_d,MusicalWork,1,Nord_(Year_of_No_Light_album) | followedBy | Live_at_Roadburn_2008_(Year_of_No_Light_album),MusicalWork#1,7,D'eisigh The Year of No Light an t-albam Live at Roadburn 2008 tar éis an albaim Nord dá chuid.,ref
ga_408,"Imríonn Aleksandr Prudnikov do FC Spartak Moscow agus imríonn sé do FC Amkar Perm, a bhainistíonn Gadzhi Gadzhiyev. Tá airde 185.0 cm aige.",2,False,False,True,A006,ga,246,team_d,Athlete,4,Aleksandr_Prudnikov | club | FC_Amkar_Perm<br>Aleksandr_Prudnikov | height | 185.0 (centimetres)<br>Aleksandr_Prudnikov | youthclub | FC_Spartak_Moscow<br>FC_Amkar_Perm | manager | Gadzhi_Gadzhiyev,Athlete#4,8,"""Imríonn Aleksandr Prudnikov do FC Amkar Perm, atá faoi bhainistíocht Gadzhi Gadzhiyev. D'imir Prudnikov freisin d'fhoireann óige FC Spartak Mhoscó. Tá sé 185 cheintiméadar ar airde.""",ref
ga_108,Tá Aleksandr Prudnikov 185 ceintiméadar ar airde agus d'imir sé do FC Amkar Perm agus FC Spartak Moscow. Tá FC Amkar Perm á bhainistiú faoi láthair ag Gadzhi Gadzhiyev.,5,False,True,True,A008,ga,246,team_g,Athlete,4,Aleksandr_Prudnikov | club | FC_Amkar_Perm<br>Aleksandr_Prudnikov | height | 185.0 (centimetres)<br>Aleksandr_Prudnikov | youthclub | FC_Spartak_Moscow<br>FC_Amkar_Perm | manager | Gadzhi_Gadzhiyev,Athlete#4,8,"""Imríonn Aleksandr Prudnikov do FC Amkar Perm, atá faoi bhainistíocht Gadzhi Gadzhiyev. D'imir Prudnikov freisin d'fhoireann óige FC Spartak Mhoscó. Tá sé 185 cheintiméadar ar airde.""",ref
ga_308,Tá Aleksandr Prudnikov 185 cm ar airde agus bhí sé ina bhall den fhoireann óige FC Spartak Moscó agus tá sé ag imirt le haghaidh FC Amkar Perm.  Is é Gadzhi Gadzhiyev bainisteoir an FC Amkar Perm.,3,True,True,True,A009,ga,246,team_a,Athlete,4,Aleksandr_Prudnikov | club | FC_Amkar_Perm<br>Aleksandr_Prudnikov | height | 185.0 (centimetres)<br>Aleksandr_Prudnikov | youthclub | FC_Spartak_Moscow<br>FC_Amkar_Perm | manager | Gadzhi_Gadzhiyev,Athlete#4,8,"""Imríonn Aleksandr Prudnikov do FC Amkar Perm, atá faoi bhainistíocht Gadzhi Gadzhiyev. D'imir Prudnikov freisin d'fhoireann óige FC Spartak Mhoscó. Tá sé 185 cheintiméadar ar airde.""",ref
ga_8,"""Imríonn Aleksandr Prudnikov do FC Amkar Perm, atá faoi bhainistíocht Gadzhi Gadzhiyev. D'imir Prudnikov freisin d'fhoireann óige FC Spartak Mhoscó. Tá sé 185 cheintiméadar ar airde.""",5,True,True,True,A005,ga,246,refs,Athlete,4,Aleksandr_Prudnikov | club | FC_Amkar_Perm<br>Aleksandr_Prudnikov | height | 185.0 (centimetres)<br>Aleksandr_Prudnikov | youthclub | FC_Spartak_Moscow<br>FC_Amkar_Perm | manager | Gadzhi_Gadzhiyev,Athlete#4,8,"""Imríonn Aleksandr Prudnikov do FC Amkar Perm, atá faoi bhainistíocht Gadzhi Gadzhiyev. D'imir Prudnikov freisin d'fhoireann óige FC Spartak Mhoscó. Tá sé 185 cheintiméadar ar airde.""",ref
ga_208,"D'imir Aleksandr Prudnikov, atá 185 centimetres ar airde, d'FhC Amkar Perm agus club óige FC Spartak Moscow. Tá Gadzhi Gadzhiyev ina bhainisteoir ar FhC Amkar Perm.",4,True,True,True,A007,ga,246,team_b,Athlete,4,Aleksandr_Prudnikov | club | FC_Amkar_Perm<br>Aleksandr_Prudnikov | height | 185.0 (centimetres)<br>Aleksandr_Prudnikov | youthclub | FC_Spartak_Moscow<br>FC_Amkar_Perm | manager | Gadzhi_Gadzhiyev,Athlete#4,8,"""Imríonn Aleksandr Prudnikov do FC Amkar Perm, atá faoi bhainistíocht Gadzhi Gadzhiyev. D'imir Prudnikov freisin d'fhoireann óige FC Spartak Mhoscó. Tá sé 185 cheintiméadar ar airde.""",ref
ga_409,"""D'imir Agremiação Sportiva Arapiraquense i séasúr 2015 agus imríonn sé i sraith Campeonato Brasileiro Série C, a raibh Vila Nova Futebol Clube ina sheaimpíní air.""",2,False,True,True,A006,ga,662,refs,SportsTeam,3,Agremiação_Sportiva_Arapiraquense | league | Campeonato_Brasileiro_Série_C<br>Agremiação_Sportiva_Arapiraquense | season | 2015<br>Campeonato_Brasileiro_Série_C | champions | Vila_Nova_Futebol_Clube,SportsTeam#3,9,"""D'imir Agremiação Sportiva Arapiraquense i séasúr 2015 agus imríonn sé i sraith Campeonato Brasileiro Série C, a raibh Vila Nova Futebol Clube ina sheaimpíní air.""",ref
ga_109,Dimir Agremiaço Sportiva Arapiraquense sa sraith Campeonato Brasileiro Série C i 2015 agus is é Vila Nova Futebol Clube a championann é.,1,True,True,True,A008,ga,662,team_d,SportsTeam,3,Agremiação_Sportiva_Arapiraquense | league | Campeonato_Brasileiro_Série_C<br>Agremiação_Sportiva_Arapiraquense | season | 2015<br>Campeonato_Brasileiro_Série_C | champions | Vila_Nova_Futebol_Clube,SportsTeam#3,9,"""D'imir Agremiação Sportiva Arapiraquense i séasúr 2015 agus imríonn sé i sraith Campeonato Brasileiro Série C, a raibh Vila Nova Futebol Clube ina sheaimpíní air.""",ref
ga_309,Imríonn Agremiação Sportiva Arapiraquense i gCampeonato Brasileiro Série C agus ba iad a seaimpíní ná Vila Nova Futebol Clube. D'imir sé sa séasúr 2015.,2,True,True,True,A009,ga,662,team_b,SportsTeam,3,Agremiação_Sportiva_Arapiraquense | league | Campeonato_Brasileiro_Série_C<br>Agremiação_Sportiva_Arapiraquense | season | 2015<br>Campeonato_Brasileiro_Série_C | champions | Vila_Nova_Futebol_Clube,SportsTeam#3,9,"""D'imir Agremiação Sportiva Arapiraquense i séasúr 2015 agus imríonn sé i sraith Campeonato Brasileiro Série C, a raibh Vila Nova Futebol Clube ina sheaimpíní air.""",ref
ga_9,Tá Agremiação Sportiva Arapiraquense ag imirt sa Campeonato Brasileiro Série C agus d'imigh siad sa séasúr 2015.  Tá Vila Nova Futebol Clube ina champions de Campeonato Brasileiro Série C.,5,True,True,True,A005,ga,662,team_a,SportsTeam,3,Agremiação_Sportiva_Arapiraquense | league | Campeonato_Brasileiro_Série_C<br>Agremiação_Sportiva_Arapiraquense | season | 2015<br>Campeonato_Brasileiro_Série_C | champions | Vila_Nova_Futebol_Clube,SportsTeam#3,9,"""D'imir Agremiação Sportiva Arapiraquense i séasúr 2015 agus imríonn sé i sraith Campeonato Brasileiro Série C, a raibh Vila Nova Futebol Clube ina sheaimpíní air.""",ref
ga_209,"Bhí Agremiação Sportiva Arapiraquense san iomaíocht sa Campeonato Brasileiro Série C in 2015, agus Vila Nova Futebol Clube á choróin mar sheaimpíní.",4,False,False,True,A007,ga,662,team_g,SportsTeam,3,Agremiação_Sportiva_Arapiraquense | league | Campeonato_Brasileiro_Série_C<br>Agremiação_Sportiva_Arapiraquense | season | 2015<br>Campeonato_Brasileiro_Série_C | champions | Vila_Nova_Futebol_Clube,SportsTeam#3,9,"""D'imir Agremiação Sportiva Arapiraquense i séasúr 2015 agus imríonn sé i sraith Campeonato Brasileiro Série C, a raibh Vila Nova Futebol Clube ina sheaimpíní air.""",ref
ga_410,"Tá príomhpháirt i McVeagh of the South Seas, a léirigh The Progressive Motion Picture Company, ag Harry Carey. Tá Cyril Bruce ina stiúrthóir ar MhcVeagh of the South Seas.",3,False,False,True,A006,ga,236,team_b,Film,3,McVeagh_of_the_South_Seas | starring | Harry_Carey_(actor_born_1878)<br>McVeagh_of_the_South_Seas | producer | The_Progressive_Motion_Picture_Company<br>McVeagh_of_the_South_Seas | director | Cyril_Bruce,Film#3,10,"""Stiúir Cyril Bruce Harry Carey sa scannán McVeagh of the South Seas, scannán arna leiriú ag an Progressive Motion Picture Company.""",ref
ga_110,"""Stiúir Cyril Bruce Harry Carey sa scannán McVeagh of the South Seas, scannán arna leiriú ag an Progressive Motion Picture Company.""",4,False,True,True,A008,ga,236,refs,Film,3,McVeagh_of_the_South_Seas | starring | Harry_Carey_(actor_born_1878)<br>McVeagh_of_the_South_Seas | producer | The_Progressive_Motion_Picture_Company<br>McVeagh_of_the_South_Seas | director | Cyril_Bruce,Film#3,10,"""Stiúir Cyril Bruce Harry Carey sa scannán McVeagh of the South Seas, scannán arna leiriú ag an Progressive Motion Picture Company.""",ref
ga_310,"Is é Harry Carey (amhránaí ar rugadh i 188) carachtar McVeagh of the South Seas, a tháirg The Progressive Motion Picture Company agus a stiúir Cyril Brce.",1,False,False,True,A009,ga,236,team_d,Film,3,McVeagh_of_the_South_Seas | starring | Harry_Carey_(actor_born_1878)<br>McVeagh_of_the_South_Seas | producer | The_Progressive_Motion_Picture_Company<br>McVeagh_of_the_South_Seas | director | Cyril_Bruce,Film#3,10,"""Stiúir Cyril Bruce Harry Carey sa scannán McVeagh of the South Seas, scannán arna leiriú ag an Progressive Motion Picture Company.""",ref
ga_10,"Bhí Harry Carey (a rugadh i 1878) ina réalta i McVeagh of the South Seas, a tháirgeann The Progressive Motion Picture Company agus a stiúrthóir Cyril Bruce.",4,True,True,True,A005,ga,236,team_a,Film,3,McVeagh_of_the_South_Seas | starring | Harry_Carey_(actor_born_1878)<br>McVeagh_of_the_South_Seas | producer | The_Progressive_Motion_Picture_Company<br>McVeagh_of_the_South_Seas | director | Cyril_Bruce,Film#3,10,"""Stiúir Cyril Bruce Harry Carey sa scannán McVeagh of the South Seas, scannán arna leiriú ag an Progressive Motion Picture Company.""",ref
ga_210,"Ba é The Progressive Motion Picture Company a léirigh McVeagh of the South Seas agus ba é Cyril Bruce a stiúir, le Harry Carey (aisteoir a rugadh sa bhliain 1878).",5,True,True,True,A007,ga,236,team_g,Film,3,McVeagh_of_the_South_Seas | starring | Harry_Carey_(actor_born_1878)<br>McVeagh_of_the_South_Seas | producer | The_Progressive_Motion_Picture_Company<br>McVeagh_of_the_South_Seas | director | Cyril_Bruce,Film#3,10,"""Stiúir Cyril Bruce Harry Carey sa scannán McVeagh of the South Seas, scannán arna leiriú ag an Progressive Motion Picture Company.""",ref
ga_411,"Tháinig Imagine (seinneann John Lannon) i ndiaidh Mermaid (Train singing), a rinne Phil Spetter agus foireann táirgeachta Espionage táirgeadh.",1,False,False,True,A006,ga,1431,team_d,MusicalWork,3,Mermaid_(Train_song) | followedBy | Imagine_(John_Lennon_song)<br>Imagine_(John_Lennon_song) | producer | Phil_Spector<br>Mermaid_(Train_song) | producer | Espionage_(production_team),MusicalWork#3,11,"""Is é Phil Spector a léirigh an t-amhrán Imagine le John Lennon, ach léirigh foireann leiriúcháin Espionage an t-amhrán Mermaid le Train, agus eisíodh an t-amhrán Imagine ina dhiaidh.""",ref
ga_111,"Leanann Imagine, léirithe ag Phil Spector, Maighdean mhara, a léirigh Spiaireacht.",1,False,True,True,A008,ga,1431,team_b,MusicalWork,3,Mermaid_(Train_song) | followedBy | Imagine_(John_Lennon_song)<br>Imagine_(John_Lennon_song) | producer | Phil_Spector<br>Mermaid_(Train_song) | producer | Espionage_(production_team),MusicalWork#3,11,"""Is é Phil Spector a léirigh an t-amhrán Imagine le John Lennon, ach léirigh foireann leiriúcháin Espionage an t-amhrán Mermaid le Train, agus eisíodh an t-amhrán Imagine ina dhiaidh.""",ref
ga_311,Is é an fhoireann táirgeachta Espionage an t-aisteoir de Mermaid (an úrscéal) a leanann Imagine (an úrscéal John Lennon).  Is é Phil Spector an t-ealaíontóir de Imagine (an t-amhrán John Lennon).,1,False,False,False,A009,ga,1431,team_a,MusicalWork,3,Mermaid_(Train_song) | followedBy | Imagine_(John_Lennon_song)<br>Imagine_(John_Lennon_song) | producer | Phil_Spector<br>Mermaid_(Train_song) | producer | Espionage_(production_team),MusicalWork#3,11,"""Is é Phil Spector a léirigh an t-amhrán Imagine le John Lennon, ach léirigh foireann leiriúcháin Espionage an t-amhrán Mermaid le Train, agus eisíodh an t-amhrán Imagine ina dhiaidh.""",ref
ga_11,"Espionage (foireann léiriúcháin) a léirigh Mermaid (Train song) agus ina dhiaidh sin Imagine (amhrán John Lennon), a léirigh Phil Spector.",4,True,True,True,A005,ga,1431,team_g,MusicalWork,3,Mermaid_(Train_song) | followedBy | Imagine_(John_Lennon_song)<br>Imagine_(John_Lennon_song) | producer | Phil_Spector<br>Mermaid_(Train_song) | producer | Espionage_(production_team),MusicalWork#3,11,"""Is é Phil Spector a léirigh an t-amhrán Imagine le John Lennon, ach léirigh foireann leiriúcháin Espionage an t-amhrán Mermaid le Train, agus eisíodh an t-amhrán Imagine ina dhiaidh.""",ref
ga_211,"""Is é Phil Spector a léirigh an t-amhrán Imagine le John Lennon, ach léirigh foireann leiriúcháin Espionage an t-amhrán Mermaid le Train, agus eisíodh an t-amhrán Imagine ina dhiaidh.""",5,False,False,True,A007,ga,1431,refs,MusicalWork,3,Mermaid_(Train_song) | followedBy | Imagine_(John_Lennon_song)<br>Imagine_(John_Lennon_song) | producer | Phil_Spector<br>Mermaid_(Train_song) | producer | Espionage_(production_team),MusicalWork#3,11,"""Is é Phil Spector a léirigh an t-amhrán Imagine le John Lennon, ach léirigh foireann leiriúcháin Espionage an t-amhrán Mermaid le Train, agus eisíodh an t-amhrán Imagine ina dhiaidh.""",ref
ga_412,"""Is é an stiúrthóir Ray Griggs, a rugadh i 1974, scríbhneoir an scannáin Super Capers, ina bhfuil príomhpháirteanna ag Michael Rooker agus Tom Sizemore.""",4,True,True,True,A006,ga,184,refs,Film,4,Super_Capers | writer | Ray_Griggs_(director)<br>Ray_Griggs_(director) | birthYear | 1974<br>Super_Capers | starring | Michael_Rooker<br>Super_Capers | starring | Tom_Sizemore,Film#4,12,"""Is é an stiúrthóir Ray Griggs, a rugadh i 1974, scríbhneoir an scannáin Super Capers, ina bhfuil príomhpháirteanna ag Michael Rooker agus Tom Sizemore.""",ref
ga_112,"Ba é Ray Griggs, a rugadh i 1974, a scríobh Super Capers agus is iad na réaltaí Michael Rooker agus Tom Sizemore.",3,False,True,True,A008,ga,184,team_g,Film,4,Super_Capers | writer | Ray_Griggs_(director)<br>Ray_Griggs_(director) | birthYear | 1974<br>Super_Capers | starring | Michael_Rooker<br>Super_Capers | starring | Tom_Sizemore,Film#4,12,"""Is é an stiúrthóir Ray Griggs, a rugadh i 1974, scríbhneoir an scannáin Super Capers, ina bhfuil príomhpháirteanna ag Michael Rooker agus Tom Sizemore.""",ref
ga_312,"Scríobh Ray Griggs, a rugadh i 1974, Super Capers, atá príomhpháirt ann ag Michael Rooker agus Tom Sizemore.",3,True,True,True,A009,ga,184,team_b,Film,4,Super_Capers | writer | Ray_Griggs_(director)<br>Ray_Griggs_(director) | birthYear | 1974<br>Super_Capers | starring | Michael_Rooker<br>Super_Capers | starring | Tom_Sizemore,Film#4,12,"""Is é an stiúrthóir Ray Griggs, a rugadh i 1974, scríbhneoir an scannáin Super Capers, ina bhfuil príomhpháirteanna ag Michael Rooker agus Tom Sizemore.""",ref
ga_12,"Rugadh Ray Griggs i 1974 agus bhí sé mar phríomhpháirt i Super Capers, ina raibh MichaelRooker agus Tomizemore mar phríomhpháirtithe.",4,False,False,True,A005,ga,184,team_d,Film,4,Super_Capers | writer | Ray_Griggs_(director)<br>Ray_Griggs_(director) | birthYear | 1974<br>Super_Capers | starring | Michael_Rooker<br>Super_Capers | starring | Tom_Sizemore,Film#4,12,"""Is é an stiúrthóir Ray Griggs, a rugadh i 1974, scríbhneoir an scannáin Super Capers, ina bhfuil príomhpháirteanna ag Michael Rooker agus Tom Sizemore.""",ref
ga_212,"Is é Ray Griggs an t-údar de Super capers, a bhfuil Michael Rooker agus Tom Sizemore ina réaltaí.  Rugadh Ray Griggs mar Stiúrthóir i 1974.",4,False,True,True,A007,ga,184,team_a,Film,4,Super_Capers | writer | Ray_Griggs_(director)<br>Ray_Griggs_(director) | birthYear | 1974<br>Super_Capers | starring | Michael_Rooker<br>Super_Capers | starring | Tom_Sizemore,Film#4,12,"""Is é an stiúrthóir Ray Griggs, a rugadh i 1974, scríbhneoir an scannáin Super Capers, ina bhfuil príomhpháirteanna ag Michael Rooker agus Tom Sizemore.""",ref
ga_413,"Is é Silvano Aureoles Conejo an ceannaire sa Meicsiceo, áit a bhfuil daoine Meicsiceo ina gcónaí. Is é an peso airgeadra na Meicsiceo.  Is é Bionico deasc ó réigiún Jalisco sa Mheicsiceo.",2,False,True,True,A006,ga,841,team_a,Food,6,Mexico | currency | Mexican_peso<br>Mexico | demonym | Mexicans<br>Bionico | course | Dessert<br>Mexico | leader | Silvano_Aureoles_Conejo<br>Bionico | region | Jalisco<br>Bionico | country | Mexico,Food#6,13,"""Is daoine as Meicsiceo iad Meicsicigh, áit a bhfuil peso Mheicsiceo an t-airgeadra. Is é Silvano Aureoles Conejo an ceannaire reatha ar Mheicsiceo. Is bia Bionico, ó réigiún Jalisco, atá le fáil i Meicsiceo agus a chuirtear ar fáil mar mhilseog.""",ref
ga_113,"Is milseog é Bionico ón réigiún Jalisco sa Meicsiceo, áit a bhfuil peso Meicsiceo mar airgeadra agus a bhfuil Silvano Aureoles Conejo i gceannas.",4,False,True,True,A008,ga,841,team_d,Food,6,Mexico | currency | Mexican_peso<br>Mexico | demonym | Mexicans<br>Bionico | course | Dessert<br>Mexico | leader | Silvano_Aureoles_Conejo<br>Bionico | region | Jalisco<br>Bionico | country | Mexico,Food#6,13,"""Is daoine as Meicsiceo iad Meicsicigh, áit a bhfuil peso Mheicsiceo an t-airgeadra. Is é Silvano Aureoles Conejo an ceannaire reatha ar Mheicsiceo. Is bia Bionico, ó réigiún Jalisco, atá le fáil i Meicsiceo agus a chuirtear ar fáil mar mhilseog.""",ref
ga_313,Úsáideann Mexicans Peso Mheicsiceo mar airgeadra acu agus is é Silvano Aureoles Conejo ceannaire Mheicsiceo. Is cúrsa milseog ó réigiún Jalisco i Meicsiceo é Bionico.,2,True,True,True,A009,ga,841,team_g,Food,6,Mexico | currency | Mexican_peso<br>Mexico | demonym | Mexicans<br>Bionico | course | Dessert<br>Mexico | leader | Silvano_Aureoles_Conejo<br>Bionico | region | Jalisco<br>Bionico | country | Mexico,Food#6,13,"""Is daoine as Meicsiceo iad Meicsicigh, áit a bhfuil peso Mheicsiceo an t-airgeadra. Is é Silvano Aureoles Conejo an ceannaire reatha ar Mheicsiceo. Is bia Bionico, ó réigiún Jalisco, atá le fáil i Meicsiceo agus a chuirtear ar fáil mar mhilseog.""",ref
ga_13,"""Is daoine as Meicsiceo iad Meicsicigh, áit a bhfuil peso Mheicsiceo an t-airgeadra. Is é Silvano Aureoles Conejo an ceannaire reatha ar Mheicsiceo. Is bia Bionico, ó réigiún Jalisco, atá le fáil i Meicsiceo agus a chuirtear ar fáil mar mhilseog.""",5,False,False,True,A005,ga,841,refs,Food,6,Mexico | currency | Mexican_peso<br>Mexico | demonym | Mexicans<br>Bionico | course | Dessert<br>Mexico | leader | Silvano_Aureoles_Conejo<br>Bionico | region | Jalisco<br>Bionico | country | Mexico,Food#6,13,"""Is daoine as Meicsiceo iad Meicsicigh, áit a bhfuil peso Mheicsiceo an t-airgeadra. Is é Silvano Aureoles Conejo an ceannaire reatha ar Mheicsiceo. Is bia Bionico, ó réigiún Jalisco, atá le fáil i Meicsiceo agus a chuirtear ar fáil mar mhilseog.""",ref
ga_213,Is Milseog é le fáil i Jalisco Bionico. Tagann Bionico ó Mheicsiceo agus is é a airgeadra ná an Peso Mheicsiceo. Cónaíonn Meicsicigh i Meicsiceo. Tá Silvano Aureoles Conejo ina cheannaire ar Mheicsiceo.,3,False,False,True,A007,ga,841,team_b,Food,6,Mexico | currency | Mexican_peso<br>Mexico | demonym | Mexicans<br>Bionico | course | Dessert<br>Mexico | leader | Silvano_Aureoles_Conejo<br>Bionico | region | Jalisco<br>Bionico | country | Mexico,Food#6,13,"""Is daoine as Meicsiceo iad Meicsicigh, áit a bhfuil peso Mheicsiceo an t-airgeadra. Is é Silvano Aureoles Conejo an ceannaire reatha ar Mheicsiceo. Is bia Bionico, ó réigiún Jalisco, atá le fáil i Meicsiceo agus a chuirtear ar fáil mar mhilseog.""",ref
ga_414,"The Honeymoon Killers, banna ceoil Meiriceánach, agus Wharton Tiers, a rugadh ar 1 Eanáir, 1953, a rinne an dá albam Turn Me On.",5,False,False,True,A006,ga,739,team_g,MusicalWork,3,Turn_Me_On_(album) | producer | The_Honeymoon_Killers_(American_band)<br>Wharton_Tiers | birthDate | 1953-01-01<br>Turn_Me_On_(album) | producer | Wharton_Tiers,MusicalWork#3,14,Rugadh Wharton Tiers an 1 Eanáir 1953 agus tá an t-albam Turn Me On le The Honeymoon Killers á léiriú aige.,ref
ga_114,"Tá The Honeymoon Killers agus Wharton Tiers ag déanamh an lipéad taifeadáin, ar a dtugtar turn me on.  Rugadh Wharton Tiers ar 1 Eanáir 1953.",2,False,False,True,A008,ga,739,team_a,MusicalWork,3,Turn_Me_On_(album) | producer | The_Honeymoon_Killers_(American_band)<br>Wharton_Tiers | birthDate | 1953-01-01<br>Turn_Me_On_(album) | producer | Wharton_Tiers,MusicalWork#3,14,Rugadh Wharton Tiers an 1 Eanáir 1953 agus tá an t-albam Turn Me On le The Honeymoon Killers á léiriú aige.,ref
ga_314,Rugadh Wharton Tiers an 1 Eanáir 1953 agus tá an t-albam Turn Me On le The Honeymoon Killers á léiriú aige.,2,True,True,True,A009,ga,739,refs,MusicalWork,3,Turn_Me_On_(album) | producer | The_Honeymoon_Killers_(American_band)<br>Wharton_Tiers | birthDate | 1953-01-01<br>Turn_Me_On_(album) | producer | Wharton_Tiers,MusicalWork#3,14,Rugadh Wharton Tiers an 1 Eanáir 1953 agus tá an t-albam Turn Me On le The Honeymoon Killers á léiriú aige.,ref
ga_14,Léirigh The Honeymoon Killers agus Wharton Tiers Turn Me On. Rugadh Wharton Tiers ar 01 Eanáir 1953.,3,True,True,True,A005,ga,739,team_b,MusicalWork,3,Turn_Me_On_(album) | producer | The_Honeymoon_Killers_(American_band)<br>Wharton_Tiers | birthDate | 1953-01-01<br>Turn_Me_On_(album) | producer | Wharton_Tiers,MusicalWork#3,14,Rugadh Wharton Tiers an 1 Eanáir 1953 agus tá an t-albam Turn Me On le The Honeymoon Killers á léiriú aige.,ref
ga_214,Is é an banna Meiriceánach The Honeymoon Millers a tháirg Turn Me On a tháirgtear ar an 1 Eanáir 1953.,4,False,False,True,A007,ga,739,team_d,MusicalWork,3,Turn_Me_On_(album) | producer | The_Honeymoon_Killers_(American_band)<br>Wharton_Tiers | birthDate | 1953-01-01<br>Turn_Me_On_(album) | producer | Wharton_Tiers,MusicalWork#3,14,Rugadh Wharton Tiers an 1 Eanáir 1953 agus tá an t-albam Turn Me On le The Honeymoon Killers á léiriú aige.,ref
ga_415,"Tá cáil ar Olga Bondareva, a fuair céim ó Leningrad State University, don Bondareva–Shapley theorem. D'oibrigh Olga Bondareva in Eacnamaíocht.",5,True,True,True,A006,ga,1021,team_b,Scientist,3,Olga_Bondareva | knownFor | Bondareva–Shapley_theorem<br>Olga_Bondareva | almaMater | Leningrad_State_University<br>Olga_Bondareva | professionalField | Economics,Scientist#3,15,Fuair Olga Bondareva céim ó Ollscoil Stáit Leningrad agus oibríonn sí faoi láthair i réimse na heacnamaíochta. Is fearr aithne uirthi as teoirim Bondareva-Shapley,ref
ga_115,"Bhain Olga Bondareva, ar a dtugtar le téama BondarevaShapley, céim amach ó Ollscoil Stáit Leningrad i gCeap Econamaíochta.",2,False,False,True,A008,ga,1021,team_d,Scientist,3,Olga_Bondareva | knownFor | Bondareva–Shapley_theorem<br>Olga_Bondareva | almaMater | Leningrad_State_University<br>Olga_Bondareva | professionalField | Economics,Scientist#3,15,Fuair Olga Bondareva céim ó Ollscoil Stáit Leningrad agus oibríonn sí faoi láthair i réimse na heacnamaíochta. Is fearr aithne uirthi as teoirim Bondareva-Shapley,ref
ga_315,Tá aithne ag Olga Bondareva ar theoirim Bondareva-Shapley agus is gairmí í i réimse na heacnamaíochta. Bhain sí céim amach ó Ollscoil Stáit Leningrad.,2,True,True,True,A009,ga,1021,team_g,Scientist,3,Olga_Bondareva | knownFor | Bondareva–Shapley_theorem<br>Olga_Bondareva | almaMater | Leningrad_State_University<br>Olga_Bondareva | professionalField | Economics,Scientist#3,15,Fuair Olga Bondareva céim ó Ollscoil Stáit Leningrad agus oibríonn sí faoi láthair i réimse na heacnamaíochta. Is fearr aithne uirthi as teoirim Bondareva-Shapley,ref
ga_15,Fuair Olga Bondareva céim ó Ollscoil Stáit Leningrad agus oibríonn sí faoi láthair i réimse na heacnamaíochta. Is fearr aithne uirthi as teoirim Bondareva-Shapley,5,True,True,True,A005,ga,1021,refs,Scientist,3,Olga_Bondareva | knownFor | Bondareva–Shapley_theorem<br>Olga_Bondareva | almaMater | Leningrad_State_University<br>Olga_Bondareva | professionalField | Economics,Scientist#3,15,Fuair Olga Bondareva céim ó Ollscoil Stáit Leningrad agus oibríonn sí faoi láthair i réimse na heacnamaíochta. Is fearr aithne uirthi as teoirim Bondareva-Shapley,ref
ga_215,Is é Alma mater Olga Bondareva Ollscoil Stáit Leningrad. D'oibrigh sí sa tionscal Eacnamaíochta agus bhí sé ina mhic léinn ag an Ollscoil Teicneolaíochta Leningrad. Is é an teideal a thugtar air freisin mar Theorem Bondareva-Shapley.,2,True,False,True,A007,ga,1021,team_a,Scientist,3,Olga_Bondareva | knownFor | Bondareva–Shapley_theorem<br>Olga_Bondareva | almaMater | Leningrad_State_University<br>Olga_Bondareva | professionalField | Economics,Scientist#3,15,Fuair Olga Bondareva céim ó Ollscoil Stáit Leningrad agus oibríonn sí faoi láthair i réimse na heacnamaíochta. Is fearr aithne uirthi as teoirim Bondareva-Shapley,ref
ga_416,"""Tugtar """"Poblacht na Tuirce"""" ar an Tuirc go foirmiúil.""",5,True,True,True,A006,ga,1262,refs,Scientist,1,"Turkey | longName | ""Republic of Turkey""",Scientist#1,16,"""Tugtar """"Poblacht na Tuirce"""" ar an Tuirc go foirmiúil.""",ref
ga_116,Is é an t-ainm iomlán ar An Tuirc ná Republic of Turkey.,1,True,True,True,A008,ga,1262,team_b,Scientist,1,"Turkey | longName | ""Republic of Turkey""",Scientist#1,16,"""Tugtar """"Poblacht na Tuirce"""" ar an Tuirc go foirmiúil.""",ref
ga_316,"Is é an t-ainm ar an Tuirc ""Ráchtana na Tuirc"".",1,True,True,True,A009,ga,1262,team_a,Scientist,1,"Turkey | longName | ""Republic of Turkey""",Scientist#1,16,"""Tugtar """"Poblacht na Tuirce"""" ar an Tuirc go foirmiúil.""",ref
ga_16,Is é Poblacht na Tuirce an t-ainm oifigiúil fada na Tuirce.,5,True,True,True,A005,ga,1262,team_g,Scientist,1,"Turkey | longName | ""Republic of Turkey""",Scientist#1,16,"""Tugtar """"Poblacht na Tuirce"""" ar an Tuirc go foirmiúil.""",ref
ga_216,Is é Poblacht na Tuirce an t-ainm fad na Tuirce.,3,True,True,True,A007,ga,1262,team_d,Scientist,1,"Turkey | longName | ""Republic of Turkey""",Scientist#1,16,"""Tugtar """"Poblacht na Tuirce"""" ar an Tuirc go foirmiúil.""",ref
ga_417,"Tom Simmon atá mar stiúrthóir ar Death on a Factory Farm, a chraolann HBO agus a bhfuil ritham 83.0 aige. Is é Jamie Lawrence ceoltóir Death on a Factory Farm. Is í Sarah Teale stiúrthóir ar Death on a Factory Farm.",4,False,False,False,A006,ga,164,team_d,Film,6,Death_on_a_Factory_Farm | director | Tom_Simon<br>Death_on_a_Factory_Farm | broadcastedBy | HBO<br>Death_on_a_Factory_Farm | editor | Geof_Bartz<br>Death_on_a_Factory_Farm | musicComposer | Jamie_Lawrence<br>Death_on_a_Factory_Farm | runtime | 83.0<br>Death_on_a_Factory_Farm | director | Sarah_Teale,Film#6,17,Stiúir Sarah Teale agus Tom Simon an scannán 83 nóiméad Death on a Factory Farm agus chuir Geof Bartz é in eagar. Chum Jamie Lawrence an ceol don scannán a eisíodh ag HBO.,ref
ga_117,"Bhí Jamie Lawrence ina chomhalta de Death on the Factory Farm, a scaoileadh ag HBO. D'eisiamh é ag Tom Simon agus an t-eagarthóir, Géf Bartz. Tá sé 83 lá ar fad.",1,False,False,True,A008,ga,164,team_a,Film,6,Death_on_a_Factory_Farm | director | Tom_Simon<br>Death_on_a_Factory_Farm | broadcastedBy | HBO<br>Death_on_a_Factory_Farm | editor | Geof_Bartz<br>Death_on_a_Factory_Farm | musicComposer | Jamie_Lawrence<br>Death_on_a_Factory_Farm | runtime | 83.0<br>Death_on_a_Factory_Farm | director | Sarah_Teale,Film#6,17,Stiúir Sarah Teale agus Tom Simon an scannán 83 nóiméad Death on a Factory Farm agus chuir Geof Bartz é in eagar. Chum Jamie Lawrence an ceol don scannán a eisíodh ag HBO.,ref
ga_317,Stiúir Sarah Teale agus Tom Simon an scannán 83 nóiméad Death on a Factory Farm agus chuir Geof Bartz é in eagar. Chum Jamie Lawrence an ceol don scannán a eisíodh ag HBO.,3,True,True,True,A009,ga,164,refs,Film,6,Death_on_a_Factory_Farm | director | Tom_Simon<br>Death_on_a_Factory_Farm | broadcastedBy | HBO<br>Death_on_a_Factory_Farm | editor | Geof_Bartz<br>Death_on_a_Factory_Farm | musicComposer | Jamie_Lawrence<br>Death_on_a_Factory_Farm | runtime | 83.0<br>Death_on_a_Factory_Farm | director | Sarah_Teale,Film#6,17,Stiúir Sarah Teale agus Tom Simon an scannán 83 nóiméad Death on a Factory Farm agus chuir Geof Bartz é in eagar. Chum Jamie Lawrence an ceol don scannán a eisíodh ag HBO.,ref
ga_17,"Tá Tom Simon ina stiúrthóir ar Dheath on a Factory Farm, a chraolann HBO. Is é eagarthóir Death on a Factory Farm ná Geof Bartz. Chum Jamie Lawrence a cheol. Tá am rite de 83 ag Death on a Factory Farm, atá Sarah Teale ina stiúrthóir air.",4,True,True,True,A005,ga,164,team_b,Film,6,Death_on_a_Factory_Farm | director | Tom_Simon<br>Death_on_a_Factory_Farm | broadcastedBy | HBO<br>Death_on_a_Factory_Farm | editor | Geof_Bartz<br>Death_on_a_Factory_Farm | musicComposer | Jamie_Lawrence<br>Death_on_a_Factory_Farm | runtime | 83.0<br>Death_on_a_Factory_Farm | director | Sarah_Teale,Film#6,17,Stiúir Sarah Teale agus Tom Simon an scannán 83 nóiméad Death on a Factory Farm agus chuir Geof Bartz é in eagar. Chum Jamie Lawrence an ceol don scannán a eisíodh ag HBO.,ref
ga_217,"Is clár faisnéise é Death on a Factory Farm a stiúrann Tom Simon agus Sarah Teale, arna chraoladh ag HBO, curtha in eagar ag Geof Bartz, agus cumtha ag Jamie Lawrence le ham rite 83 nóiméad.",5,True,False,True,A007,ga,164,team_g,Film,6,Death_on_a_Factory_Farm | director | Tom_Simon<br>Death_on_a_Factory_Farm | broadcastedBy | HBO<br>Death_on_a_Factory_Farm | editor | Geof_Bartz<br>Death_on_a_Factory_Farm | musicComposer | Jamie_Lawrence<br>Death_on_a_Factory_Farm | runtime | 83.0<br>Death_on_a_Factory_Farm | director | Sarah_Teale,Film#6,17,Stiúir Sarah Teale agus Tom Simon an scannán 83 nóiméad Death on a Factory Farm agus chuir Geof Bartz é in eagar. Chum Jamie Lawrence an ceol don scannán a eisíodh ag HBO.,ref
ga_418,"Is albam é Turn Me On sa seánra Punk Blues, a bhfuil a bhunús stíle aige in Garage Rock.",3,True,True,True,A006,ga,1222,team_g,MusicalWork,2,Turn_Me_On_(album) | genre | Punk_blues<br>Punk_blues | stylisticOrigin | Garage_rock,MusicalWork#2,18,"""Is albam punc-ghormacha é Turn Me On, seánra a tháinig ó fhuaim rac-cheoil gharáiste roimhe sin.""",ref
ga_118,"""Is albam punc-ghormacha é Turn Me On, seánra a tháinig ó fhuaim rac-cheoil gharáiste roimhe sin.""",5,True,True,True,A008,ga,1222,refs,MusicalWork,2,Turn_Me_On_(album) | genre | Punk_blues<br>Punk_blues | stylisticOrigin | Garage_rock,MusicalWork#2,18,"""Is albam punc-ghormacha é Turn Me On, seánra a tháinig ó fhuaim rac-cheoil gharáiste roimhe sin.""",ref
ga_318,Is as rac rac-garáiste a thagann Turn Me On (albam).,2,False,True,True,A009,ga,1222,team_d,MusicalWork,2,Turn_Me_On_(album) | genre | Punk_blues<br>Punk_blues | stylisticOrigin | Garage_rock,MusicalWork#2,18,"""Is albam punc-ghormacha é Turn Me On, seánra a tháinig ó fhuaim rac-cheoil gharáiste roimhe sin.""",ref
ga_18,Tá an t-ealaíontóir punk blues ar a dtugtar turn me on.  Is é an tionscnamh stoilisticiúil de punk blues Garage Rock.,3,True,True,True,A005,ga,1222,team_a,MusicalWork,2,Turn_Me_On_(album) | genre | Punk_blues<br>Punk_blues | stylisticOrigin | Garage_rock,MusicalWork#2,18,"""Is albam punc-ghormacha é Turn Me On, seánra a tháinig ó fhuaim rac-cheoil gharáiste roimhe sin.""",ref
ga_218,"Is Punk blues é Turn Me On, a thagann ó Gharage rock.",5,True,True,True,A007,ga,1222,team_b,MusicalWork,2,Turn_Me_On_(album) | genre | Punk_blues<br>Punk_blues | stylisticOrigin | Garage_rock,MusicalWork#2,18,"""Is albam punc-ghormacha é Turn Me On, seánra a tháinig ó fhuaim rac-cheoil gharáiste roimhe sin.""",ref
ga_419,"Is iad Lionsgate agus Roadside Attractions na scaipeálaí de Super capers, a bhfuil réaltaí aige ar a dtugtar Justin Whalin.  Bunaíodh Attractions Roadside ar 1 Eanáir 2003.",3,False,True,True,A006,ga,829,team_a,Film,4,Super_Capers | distributor | Lionsgate<br>Super_Capers | starring | Justin_Whalin<br>Super_Capers | distributor | Roadside_Attractions<br>Roadside_Attractions | foundingYear | 2003-01-01,Film#4,19,Ba scannán é Super Capers ina raibh príomhpháirt ag Justin Wlain agus dháil Lionsgate agus Roadside Attractions é. Bunaíodh Roadside Attractions in 2003.,ref
ga_119,"Ba é Lionsgate a rinne Super Capers a dháileadh agus bhí Justin Whalin ina réalta. Rinne Roadside Attractions, a bunaíodh sa bhliain 2003, an scannán a dháileadh freisin.",1,True,True,False,A008,ga,829,team_g,Film,4,Super_Capers | distributor | Lionsgate<br>Super_Capers | starring | Justin_Whalin<br>Super_Capers | distributor | Roadside_Attractions<br>Roadside_Attractions | foundingYear | 2003-01-01,Film#4,19,Ba scannán é Super Capers ina raibh príomhpháirt ag Justin Wlain agus dháil Lionsgate agus Roadside Attractions é. Bunaíodh Roadside Attractions in 2003.,ref
ga_319,"Dáileann Lionsgate agus Roadside Attractions Super Capers, atá príomhpháirt ann ag Justin Whalin. Bunaíodh Roadside Attractions ar 01 Eanáir 2003.",2,True,True,True,A009,ga,829,team_b,Film,4,Super_Capers | distributor | Lionsgate<br>Super_Capers | starring | Justin_Whalin<br>Super_Capers | distributor | Roadside_Attractions<br>Roadside_Attractions | foundingYear | 2003-01-01,Film#4,19,Ba scannán é Super Capers ina raibh príomhpháirt ag Justin Wlain agus dháil Lionsgate agus Roadside Attractions é. Bunaíodh Roadside Attractions in 2003.,ref
ga_19,"Is é Lionsgate cónaidhm Super Capers, ina bhfuil Justin Halin agus Roadside Attractions mar phríomhpháirtithe acu, a dháileálann. Bunaíodh Roadside Attractions ar an 1 Eanáir 2003.",4,True,True,True,A005,ga,829,team_d,Film,4,Super_Capers | distributor | Lionsgate<br>Super_Capers | starring | Justin_Whalin<br>Super_Capers | distributor | Roadside_Attractions<br>Roadside_Attractions | foundingYear | 2003-01-01,Film#4,19,Ba scannán é Super Capers ina raibh príomhpháirt ag Justin Wlain agus dháil Lionsgate agus Roadside Attractions é. Bunaíodh Roadside Attractions in 2003.,ref
ga_219,Ba scannán é Super Capers ina raibh príomhpháirt ag Justin Wlain agus dháil Lionsgate agus Roadside Attractions é. Bunaíodh Roadside Attractions in 2003.,5,True,True,True,A007,ga,829,refs,Film,4,Super_Capers | distributor | Lionsgate<br>Super_Capers | starring | Justin_Whalin<br>Super_Capers | distributor | Roadside_Attractions<br>Roadside_Attractions | foundingYear | 2003-01-01,Film#4,19,Ba scannán é Super Capers ina raibh príomhpháirt ag Justin Wlain agus dháil Lionsgate agus Roadside Attractions é. Bunaíodh Roadside Attractions in 2003.,ref
ga_420,"Tháirg The Velvet Underground Bootleg Series Volume 1: The Quine Tapes, albam ceoil rac-cheoil, agus tá baint acu freisin leis an seánra proto-punk.",4,True,True,True,A006,ga,636,team_g,MusicalWork,3,Bootleg_Series_Volume_1:_The_Quine_Tapes | producer | The_Velvet_Underground<br>Bootleg_Series_Volume_1:_The_Quine_Tapes | genre | Rock_music<br>The_Velvet_Underground | genre | Proto-punk,MusicalWork#3,20,"""Léirigh an banna próta-phunc The Velvet Underground an t-albam rac-cheoil """"Bootleg Series Volume 1: The Quine Tapes"""" .""",ref
ga_120,"Léirigh The Velvet Underground Bootleg Series Volume 1: The Quine Tapes, is Proto-punk iad agus is Rac-cheol é.",3,True,True,True,A008,ga,636,team_b,MusicalWork,3,Bootleg_Series_Volume_1:_The_Quine_Tapes | producer | The_Velvet_Underground<br>Bootleg_Series_Volume_1:_The_Quine_Tapes | genre | Rock_music<br>The_Velvet_Underground | genre | Proto-punk,MusicalWork#3,20,"""Léirigh an banna próta-phunc The Velvet Underground an t-albam rac-cheoil """"Bootleg Series Volume 1: The Quine Tapes"""" .""",ref
ga_320,"Is é The Velvet Underground, seánra ceoil roc, a tháirg an Bootleg Series Volume 1: The Quine Tapes. Seánra an seánra sin ná proto-punc.",2,True,True,True,A009,ga,636,team_d,MusicalWork,3,Bootleg_Series_Volume_1:_The_Quine_Tapes | producer | The_Velvet_Underground<br>Bootleg_Series_Volume_1:_The_Quine_Tapes | genre | Rock_music<br>The_Velvet_Underground | genre | Proto-punk,MusicalWork#3,20,"""Léirigh an banna próta-phunc The Velvet Underground an t-albam rac-cheoil """"Bootleg Series Volume 1: The Quine Tapes"""" .""",ref
ga_20,"Tá an t-ealaíontóir ceoil rock The Velvet Underground ag déanamh an leabhar ""Bootleg Series Volume 1 The Quine Tapes"".  Is é an cine ceoil The Velvet Underground an Proto-punk.",3,True,True,True,A005,ga,636,team_a,MusicalWork,3,Bootleg_Series_Volume_1:_The_Quine_Tapes | producer | The_Velvet_Underground<br>Bootleg_Series_Volume_1:_The_Quine_Tapes | genre | Rock_music<br>The_Velvet_Underground | genre | Proto-punk,MusicalWork#3,20,"""Léirigh an banna próta-phunc The Velvet Underground an t-albam rac-cheoil """"Bootleg Series Volume 1: The Quine Tapes"""" .""",ref
ga_220,"""Léirigh an banna próta-phunc The Velvet Underground an t-albam rac-cheoil """"Bootleg Series Volume 1: The Quine Tapes"""" .""",5,True,True,True,A007,ga,636,refs,MusicalWork,3,Bootleg_Series_Volume_1:_The_Quine_Tapes | producer | The_Velvet_Underground<br>Bootleg_Series_Volume_1:_The_Quine_Tapes | genre | Rock_music<br>The_Velvet_Underground | genre | Proto-punk,MusicalWork#3,20,"""Léirigh an banna próta-phunc The Velvet Underground an t-albam rac-cheoil """"Bootleg Series Volume 1: The Quine Tapes"""" .""",ref
ga_421,Scríobh Terence Rattigan English Without Tears.,5,True,True,True,A006,ga,1045,team_b,Film,1,English_Without_Tears | writer | Terence_Rattigan,Film#1,21,Scríobh Terence Rattigan 'English Without Tears'.,ref
ga_121,Scríobh an t-údar Béarla níos déanaí Terence Rattigan.,2,False,False,True,A008,ga,1045,team_a,Film,1,English_Without_Tears | writer | Terence_Rattigan,Film#1,21,Scríobh Terence Rattigan 'English Without Tears'.,ref
ga_321,Scríobh Terence Rattigan an leabhar English Without Tears.,5,True,True,True,A009,ga,1045,team_g,Film,1,English_Without_Tears | writer | Terence_Rattigan,Film#1,21,Scríobh Terence Rattigan 'English Without Tears'.,ref
ga_21,Scríobh Terence Rattigan 'English Without Tears'.,5,True,True,True,A005,ga,1045,refs,Film,1,English_Without_Tears | writer | Terence_Rattigan,Film#1,21,Scríobh Terence Rattigan 'English Without Tears'.,ref
ga_221,Scríobh Terence Ratigan an leabhar Without Things.,5,False,False,True,A007,ga,1045,team_d,Film,1,English_Without_Tears | writer | Terence_Rattigan,Film#1,21,Scríobh Terence Rattigan 'English Without Tears'.,ref
ga_422,"Scríobh Eric Flint 1634: Géarchéim na Baváire, a tháinig roimh na leaganacha DeMarce i Grantville Gazettes.",5,True,True,True,A006,ga,722,team_d,WrittenWork,2,"1634:_The_Bavarian_Crisis | author | Eric_Flint<br>1634:_The_Bavarian_Crisis | precededBy | ""DeMarce short stories in the The Grantville Gazettes""",WrittenWork#2,22,"""Eisíodh gearrscéalta DeMarce sna Grantville Gazettes roimh 1634: The Bavarian Crisis, Is é Eric Flint a údar.""",ref
ga_122,"Scríobh Eric Flint 1634: The Bavarian Crisis , a tháinig gearrscéalta DeMarce roimhe in The Grantville Gazettes.",4,True,True,True,A008,ga,722,team_g,WrittenWork,2,"1634:_The_Bavarian_Crisis | author | Eric_Flint<br>1634:_The_Bavarian_Crisis | precededBy | ""DeMarce short stories in the The Grantville Gazettes""",WrittenWork#2,22,"""Eisíodh gearrscéalta DeMarce sna Grantville Gazettes roimh 1634: The Bavarian Crisis, Is é Eric Flint a údar.""",ref
ga_322,"""Eisíodh gearrscéalta DeMarce sna Grantville Gazettes roimh 1634: The Bavarian Crisis, Is é Eric Flint a údar.""",4,True,True,True,A009,ga,722,refs,WrittenWork,2,"1634:_The_Bavarian_Crisis | author | Eric_Flint<br>1634:_The_Bavarian_Crisis | precededBy | ""DeMarce short stories in the The Grantville Gazettes""",WrittenWork#2,22,"""Eisíodh gearrscéalta DeMarce sna Grantville Gazettes roimh 1634: The Bavarian Crisis, Is é Eric Flint a údar.""",ref
ga_22,"Scríobh Eric Flint 1634: The Bavarian Crisis, a leanann DeMarce short stories in the The Grantville Gazettes.",2,True,True,True,A005,ga,722,team_b,WrittenWork,2,"1634:_The_Bavarian_Crisis | author | Eric_Flint<br>1634:_The_Bavarian_Crisis | precededBy | ""DeMarce short stories in the The Grantville Gazettes""",WrittenWork#2,22,"""Eisíodh gearrscéalta DeMarce sna Grantville Gazettes roimh 1634: The Bavarian Crisis, Is é Eric Flint a údar.""",ref
ga_222,"Is é Eric Flint an t-údar de 1634: An Crisis Bavarian, a d'iarraigh scéalta ghearr DeMarce sa Grantville Gazettes.",3,False,False,True,A007,ga,722,team_a,WrittenWork,2,"1634:_The_Bavarian_Crisis | author | Eric_Flint<br>1634:_The_Bavarian_Crisis | precededBy | ""DeMarce short stories in the The Grantville Gazettes""",WrittenWork#2,22,"""Eisíodh gearrscéalta DeMarce sna Grantville Gazettes roimh 1634: The Bavarian Crisis, Is é Eric Flint a údar.""",ref
ga_423,Is é uimhir IMDB McVeagh de na Seas Theas 0004319.,3,False,False,True,A006,ga,581,team_a,Film,1,McVeagh_of_the_South_Seas | imdbId | 0004319,Film#1,23,Is é ID IMDb McVeagh of the South Seas 0004319.,ref
ga_123,Is é ID IMDb McVeagh of the South Seas 0004319.,5,True,True,True,A008,ga,581,refs,Film,1,McVeagh_of_the_South_Seas | imdbId | 0004319,Film#1,23,Is é ID IMDb McVeagh of the South Seas 0004319.,ref
ga_323,Tá 0004319 ina aitheantóir IMDb ar MhcVeagh of the South Seas.,2,True,True,True,A009,ga,581,team_b,Film,1,McVeagh_of_the_South_Seas | imdbId | 0004319,Film#1,23,Is é ID IMDb McVeagh of the South Seas 0004319.,ref
ga_23,Tá imdbid 0004319 ag McVeagh na Maraí Theas.,3,True,True,True,A005,ga,581,team_d,Film,1,McVeagh_of_the_South_Seas | imdbId | 0004319,Film#1,23,Is é ID IMDb McVeagh of the South Seas 0004319.,ref
ga_223,Is é ID IMDB do McVeagh of the South Seas ná 0004319.,5,True,True,True,A007,ga,581,team_g,Film,1,McVeagh_of_the_South_Seas | imdbId | 0004319,Film#1,23,Is é ID IMDb McVeagh of the South Seas 0004319.,ref
ga_424,"""Tá 387.63 duine in aghaidh an chiliméadair chearnaigh ag Iosrael, áit a bhfuair Liselotte Grschebina bás.""",4,True,False,True,A006,ga,505,refs,Artist,2,Liselotte_Grschebina | deathPlace | Israel<br>Israel | populationDensity | 387.63,Artist#2,24,"""Tá 387.63 duine in aghaidh an chiliméadair chearnaigh ag Iosrael, áit a bhfuair Liselotte Grschebina bás.""",ref
ga_124,"Cailleadh Liselotte Gorschebina in Iosrael, áit a bhfuil dlús daonra 387.63 ann.",5,True,True,True,A008,ga,505,team_d,Artist,2,Liselotte_Grschebina | deathPlace | Israel<br>Israel | populationDensity | 387.63,Artist#2,24,"""Tá 387.63 duine in aghaidh an chiliméadair chearnaigh ag Iosrael, áit a bhfuair Liselotte Grschebina bás.""",ref
ga_324,Fuair Liselotte Grschebina bás in Éirinn.  Tá dlús daonra na hIodáile 388.63.,2,False,False,True,A009,ga,505,team_a,Artist,2,Liselotte_Grschebina | deathPlace | Israel<br>Israel | populationDensity | 387.63,Artist#2,24,"""Tá 387.63 duine in aghaidh an chiliméadair chearnaigh ag Iosrael, áit a bhfuair Liselotte Grschebina bás.""",ref
ga_24,"Fuair ​​​​Liselotte Grschebina bás in Iosrael, a bhfuil dlús daonra de 387.63 duine in aghaidh an chiliméadair chearnaigh.",5,True,True,True,A005,ga,505,team_g,Artist,2,Liselotte_Grschebina | deathPlace | Israel<br>Israel | populationDensity | 387.63,Artist#2,24,"""Tá 387.63 duine in aghaidh an chiliméadair chearnaigh ag Iosrael, áit a bhfuair Liselotte Grschebina bás.""",ref
ga_224,Fuair Liselotte Grschebina bás in Iosrael. Is é an dlús daonra d'Iosrael ná 387.63.,5,True,True,True,A007,ga,505,team_b,Artist,2,Liselotte_Grschebina | deathPlace | Israel<br>Israel | populationDensity | 387.63,Artist#2,24,"""Tá 387.63 duine in aghaidh an chiliméadair chearnaigh ag Iosrael, áit a bhfuair Liselotte Grschebina bás.""",ref
ga_425,"Rugadh Nie Haisheng, náisiúnach Poblacht Phoiblí na Síne, i Zaoyang ar an 13 Deireadh Fómhair 1964. Rugadh i Hubei é.",3,True,True,True,A006,ga,1198,team_d,Astronaut,4,Nie_Haisheng | birthPlace | Zaoyang<br>Nie_Haisheng | birthPlace | Hubei<br>Nie_Haisheng | nationality | People's_Republic_of_China<br>Nie_Haisheng | birthDate | 1964-10-13,Astronaut#4,25,Is as Daon-Phoblacht na Síne é Nie Haisheng; rugadh é an 13 Deireadh Fómhair 1964 in Zaoyang i gCúige Hubei.,ref
ga_125,"Rugadh náisiúnach na Síne, Meiriceánach, Nua Haisheng i Zaoying ar 13 Deireadh Fómhair 1964 agus rugadh é i Hubei.",1,True,False,False,A008,ga,1198,team_a,Astronaut,4,Nie_Haisheng | birthPlace | Zaoyang<br>Nie_Haisheng | birthPlace | Hubei<br>Nie_Haisheng | nationality | People's_Republic_of_China<br>Nie_Haisheng | birthDate | 1964-10-13,Astronaut#4,25,Is as Daon-Phoblacht na Síne é Nie Haisheng; rugadh é an 13 Deireadh Fómhair 1964 in Zaoyang i gCúige Hubei.,ref
ga_325,Rugadh Nie Haisheng i Zaoyang agus Hubei ar 13 Deireadh Fómhair 1964 agus is as Peoples Republic of China é.,2,True,True,True,A009,ga,1198,team_b,Astronaut,4,Nie_Haisheng | birthPlace | Zaoyang<br>Nie_Haisheng | birthPlace | Hubei<br>Nie_Haisheng | nationality | People's_Republic_of_China<br>Nie_Haisheng | birthDate | 1964-10-13,Astronaut#4,25,Is as Daon-Phoblacht na Síne é Nie Haisheng; rugadh é an 13 Deireadh Fómhair 1964 in Zaoyang i gCúige Hubei.,ref
ga_25,"Rugadh Nie Haisheng ar 13 Deireadh Fómhair, 1964 i Zaoyang, Hubei, an tSín.",5,True,True,True,A005,ga,1198,team_g,Astronaut,4,Nie_Haisheng | birthPlace | Zaoyang<br>Nie_Haisheng | birthPlace | Hubei<br>Nie_Haisheng | nationality | People's_Republic_of_China<br>Nie_Haisheng | birthDate | 1964-10-13,Astronaut#4,25,Is as Daon-Phoblacht na Síne é Nie Haisheng; rugadh é an 13 Deireadh Fómhair 1964 in Zaoyang i gCúige Hubei.,ref
ga_225,Is as Daon-Phoblacht na Síne é Nie Haisheng; rugadh é an 13 Deireadh Fómhair 1964 in Zaoyang i gCúige Hubei.,5,True,True,True,A007,ga,1198,refs,Astronaut,4,Nie_Haisheng | birthPlace | Zaoyang<br>Nie_Haisheng | birthPlace | Hubei<br>Nie_Haisheng | nationality | People's_Republic_of_China<br>Nie_Haisheng | birthDate | 1964-10-13,Astronaut#4,25,Is as Daon-Phoblacht na Síne é Nie Haisheng; rugadh é an 13 Deireadh Fómhair 1964 in Zaoyang i gCúige Hubei.,ref
ga_426,"""Is é daonra limistéar meitreapolaiteach Ciudad Ayala 1,777,539, agus tá dlús daonra de 1604.0 ann mar aon le cúiteamh AUL de -6. Is rialtas de chineál comhairle-bainisteora rialtas Ciudad Aywla.""",4,True,True,False,A006,ga,1424,refs,City,4,Ciudad_Ayala | populationMetro | 1777539<br>Ciudad_Ayala | populationDensity | 1604.0<br>Ciudad_Ayala | governmentType | Council-manager_government<br>Ciudad_Ayala | utcOffset | −6,City#4,26,"""Is é daonra limistéar meitreapolaiteach Ciudad Ayala 1,777,539, agus tá dlús daonra de 1604.0 ann mar aon le cúiteamh AUL de -6. Is rialtas de chineál comhairle-bainisteora rialtas Ciudad Aywla.""",ref
ga_126,"Tá daonra de 1,777,539 ag achar cathrach Ciudad Ayala. Is é an dlús daonra de Chiudad Ayala, a rialaíonn an council-manager government, ná 1,604. Tá fritháireamh UTC de −6 ag Ciudad Ayala.",2,True,True,False,A008,ga,1424,team_b,City,4,Ciudad_Ayala | populationMetro | 1777539<br>Ciudad_Ayala | populationDensity | 1604.0<br>Ciudad_Ayala | governmentType | Council-manager_government<br>Ciudad_Ayala | utcOffset | −6,City#4,26,"""Is é daonra limistéar meitreapolaiteach Ciudad Ayala 1,777,539, agus tá dlús daonra de 1604.0 ann mar aon le cúiteamh AUL de -6. Is rialtas de chineál comhairle-bainisteora rialtas Ciudad Aywla.""",ref
ga_326,"Tá daonra 1,777,539 ag Ciudad Ayala agus dlús daonra 1,604.0. Tá sé á rialú ag rialtas bainisteoir comhairle agus tá fritháireamh UTC de -6 aige.",1,True,True,True,A009,ga,1424,team_g,City,4,Ciudad_Ayala | populationMetro | 1777539<br>Ciudad_Ayala | populationDensity | 1604.0<br>Ciudad_Ayala | governmentType | Council-manager_government<br>Ciudad_Ayala | utcOffset | −6,City#4,26,"""Is é daonra limistéar meitreapolaiteach Ciudad Ayala 1,777,539, agus tá dlús daonra de 1604.0 ann mar aon le cúiteamh AUL de -6. Is rialtas de chineál comhairle-bainisteora rialtas Ciudad Aywla.""",ref
ga_26,Tá dlús daonra 1604.0 ag cathair Ciudad Ayala agus achar meitérach 1777539 aige. Is é cineál rialtas Ciudad Ayala ná rialtas an Comhairle-riachtála agus tá an cúiteamh utc aige 6.,3,True,True,True,A005,ga,1424,team_d,City,4,Ciudad_Ayala | populationMetro | 1777539<br>Ciudad_Ayala | populationDensity | 1604.0<br>Ciudad_Ayala | governmentType | Council-manager_government<br>Ciudad_Ayala | utcOffset | −6,City#4,26,"""Is é daonra limistéar meitreapolaiteach Ciudad Ayala 1,777,539, agus tá dlús daonra de 1604.0 ann mar aon le cúiteamh AUL de -6. Is rialtas de chineál comhairle-bainisteora rialtas Ciudad Aywla.""",ref
ga_226,"Tá limistéar daonra de 1776539 agus dlús daonra de 1604.0 duine ag Ciudad Ayala, a rialaíonn an Rialtas Comhairle. Is é an UTC offset do Buenos Aires 6.",3,False,False,True,A007,ga,1424,team_a,City,4,Ciudad_Ayala | populationMetro | 1777539<br>Ciudad_Ayala | populationDensity | 1604.0<br>Ciudad_Ayala | governmentType | Council-manager_government<br>Ciudad_Ayala | utcOffset | −6,City#4,26,"""Is é daonra limistéar meitreapolaiteach Ciudad Ayala 1,777,539, agus tá dlús daonra de 1604.0 ann mar aon le cúiteamh AUL de -6. Is rialtas de chineál comhairle-bainisteora rialtas Ciudad Aywla.""",ref
ga_427,Is é an tionscnamh stoilisticiúil de punk blues Garage Rock.,3,True,True,True,A006,ga,1332,team_a,MusicalWork,1,Punk_blues | stylisticOrigin | Garage_rock,MusicalWork#1,27,Tá bunús stíleach an tseánra ceoil punc-ghormacha le fáil san fhuaim rac-cheoil gharáiste roimhe sin.,ref
ga_127,Is stíl ceoil é Punc blues a tháinig ó charraig gharáiste.,2,True,False,True,A008,ga,1332,team_g,MusicalWork,1,Punk_blues | stylisticOrigin | Garage_rock,MusicalWork#1,27,Tá bunús stíleach an tseánra ceoil punc-ghormacha le fáil san fhuaim rac-cheoil gharáiste roimhe sin.,ref
ga_327,Is as rac garáiste a thagann blues punc ar stíl.,1,True,True,True,A009,ga,1332,team_d,MusicalWork,1,Punk_blues | stylisticOrigin | Garage_rock,MusicalWork#1,27,Tá bunús stíleach an tseánra ceoil punc-ghormacha le fáil san fhuaim rac-cheoil gharáiste roimhe sin.,ref
ga_27,Tá bunús stíleach an tseánra ceoil punc-ghormacha le fáil san fhuaim rac-cheoil gharáiste roimhe sin.,5,True,False,False,A005,ga,1332,refs,MusicalWork,1,Punk_blues | stylisticOrigin | Garage_rock,MusicalWork#1,27,Tá bunús stíleach an tseánra ceoil punc-ghormacha le fáil san fhuaim rac-cheoil gharáiste roimhe sin.,ref
ga_227,Tagann Punk blues ó Gharage rock.,5,True,True,True,A007,ga,1332,team_b,MusicalWork,1,Punk_blues | stylisticOrigin | Garage_rock,MusicalWork#1,27,Tá bunús stíleach an tseánra ceoil punc-ghormacha le fáil san fhuaim rac-cheoil gharáiste roimhe sin.,ref
ga_428,"Rugadh Piotr Hallmann i nGdynia, Poland agus is é a mheáchan ná 70.308. Tá Gdynia, Poland sa chrios ama Am Lár na hEorpa.",3,True,True,True,A006,ga,427,team_b,Athlete,3,"Piotr_Hallmann | birthPlace | Gdynia,_Poland<br>Piotr_Hallmann | weight | 70.308<br>Gdynia,_Poland | timeZone | Central_European_Time",Athlete#3,28,"""Rugadh Piotr Hallmann a bhfuil meáchan 70.308 kg ann in Gdynia, an Pholainn atá i gcrios ama Lár na hEorpa.""",ref
ga_128,Rugadh Piotr Hallmann i Gdynia na Polainne agus tá meáchan 70.308 punt aige. Is é an t-amrúid atá aige ná am na hEorpa Láir.,4,True,False,True,A008,ga,427,team_d,Athlete,3,"Piotr_Hallmann | birthPlace | Gdynia,_Poland<br>Piotr_Hallmann | weight | 70.308<br>Gdynia,_Poland | timeZone | Central_European_Time",Athlete#3,28,"""Rugadh Piotr Hallmann a bhfuil meáchan 70.308 kg ann in Gdynia, an Pholainn atá i gcrios ama Lár na hEorpa.""",ref
ga_328,"""Rugadh Piotr Hallmann a bhfuil meáchan 70.308 kg ann in Gdynia, an Pholainn atá i gcrios ama Lár na hEorpa.""",4,True,True,True,A009,ga,427,refs,Athlete,3,"Piotr_Hallmann | birthPlace | Gdynia,_Poland<br>Piotr_Hallmann | weight | 70.308<br>Gdynia,_Poland | timeZone | Central_European_Time",Athlete#3,28,"""Rugadh Piotr Hallmann a bhfuil meáchan 70.308 kg ann in Gdynia, an Pholainn atá i gcrios ama Lár na hEorpa.""",ref
ga_28,"Rugadh i Gdynia, na Polainne, tá meáchan 70.308 kg.  Is é an t-am atá ag Gdynia, Pholainn, an t-am lárnach na hEorpa.",3,True,False,False,A005,ga,427,team_a,Athlete,3,"Piotr_Hallmann | birthPlace | Gdynia,_Poland<br>Piotr_Hallmann | weight | 70.308<br>Gdynia,_Poland | timeZone | Central_European_Time",Athlete#3,28,"""Rugadh Piotr Hallmann a bhfuil meáchan 70.308 kg ann in Gdynia, an Pholainn atá i gcrios ama Lár na hEorpa.""",ref
ga_228,"Rugadh Piotr Hallmann i Gdynia, an Pholainn, atá i gcrios Ama Lár na hEorpa, agus tá meáchan 70.308 aige.",3,True,False,True,A007,ga,427,team_g,Athlete,3,"Piotr_Hallmann | birthPlace | Gdynia,_Poland<br>Piotr_Hallmann | weight | 70.308<br>Gdynia,_Poland | timeZone | Central_European_Time",Athlete#3,28,"""Rugadh Piotr Hallmann a bhfuil meáchan 70.308 kg ann in Gdynia, an Pholainn atá i gcrios ama Lár na hEorpa.""",ref
ga_429,"Tá Ollscoil Burgúine suite i gcathair Dijon, an Fhrainc, ar a dtugtar Poblacht na Fraince freisin agus atá faoi stiúir Claude Bartolone.",5,True,True,True,A006,ga,1188,team_g,University,4,"University_of_Burgundy | country | France<br>France | longName | ""French Republic""<br>University_of_Burgundy | city | Dijon<br>France | leader | Claude_Bartolone",University#4,29,"""Tá Ollscoil na Burgúine suite in Dijon, an Fhrainc, ar a dtugtar Poblacht na Fraince freisin agus atá faoi cheannas Claude Bartolone.""",ref
ga_129,"""Tá Ollscoil na Burgúine suite in Dijon, an Fhrainc, ar a dtugtar Poblacht na Fraince freisin agus atá faoi cheannas Claude Bartolone.""",5,True,True,True,A008,ga,1188,refs,University,4,"University_of_Burgundy | country | France<br>France | longName | ""French Republic""<br>University_of_Burgundy | city | Dijon<br>France | leader | Claude_Bartolone",University#4,29,"""Tá Ollscoil na Burgúine suite in Dijon, an Fhrainc, ar a dtugtar Poblacht na Fraince freisin agus atá faoi cheannas Claude Bartolone.""",ref
ga_329,"Tá Ollscoil Burgundy suite i gcathair Dijon sa Fhrainc.  Tá Claude Bartolone ina cheannaire sa Fhrainc, áit a bhfuil an Poblacht na Fraince ar a dtugtar freisin.",2,True,True,True,A009,ga,1188,team_a,University,4,"University_of_Burgundy | country | France<br>France | longName | ""French Republic""<br>University_of_Burgundy | city | Dijon<br>France | leader | Claude_Bartolone",University#4,29,"""Tá Ollscoil na Burgúine suite in Dijon, an Fhrainc, ar a dtugtar Poblacht na Fraince freisin agus atá faoi cheannas Claude Bartolone.""",ref
ga_29,"Tá University of Burgundy lonnaithe i bhFranca agus Dijon. Is é an t-ainm iomlán ar Fhranca, atá Claude Bartolone ina cheannaire air, ná French Republic.",2,True,False,False,A005,ga,1188,team_b,University,4,"University_of_Burgundy | country | France<br>France | longName | ""French Republic""<br>University_of_Burgundy | city | Dijon<br>France | leader | Claude_Bartolone",University#4,29,"""Tá Ollscoil na Burgúine suite in Dijon, an Fhrainc, ar a dtugtar Poblacht na Fraince freisin agus atá faoi cheannas Claude Bartolone.""",ref
ga_229,"Tá Ollscoil Burgunda i Dijon na Fraince, áit a bhfuil Claude Bartolone i gceannas. Is é Poblacht na Fraince ainm fada na Fraince.",5,True,True,True,A007,ga,1188,team_d,University,4,"University_of_Burgundy | country | France<br>France | longName | ""French Republic""<br>University_of_Burgundy | city | Dijon<br>France | leader | Claude_Bartolone",University#4,29,"""Tá Ollscoil na Burgúine suite in Dijon, an Fhrainc, ar a dtugtar Poblacht na Fraince freisin agus atá faoi cheannas Claude Bartolone.""",ref
ga_430,"Thosaigh an Fellowship of the Ring ar an 29ú Iúil, 1955.",3,False,True,True,A006,ga,1089,team_a,WrittenWork,1,The_Fellowship_of_the_Ring | releaseDate | 1954-07-29,WrittenWork#1,30,Foilsíodh The Fellowship of the Ring an 29 Iúil 1954.,ref
ga_130,Foilsíodh The Fellowship of the Ring an 29 Iúil 1954.,5,True,True,True,A008,ga,1089,refs,WrittenWork,1,The_Fellowship_of_the_Ring | releaseDate | 1954-07-29,WrittenWork#1,30,Foilsíodh The Fellowship of the Ring an 29 Iúil 1954.,ref
ga_330,Eisíodh The Fellowship of the Ring ar 29 Iúil 1954.,3,True,True,True,A009,ga,1089,team_b,WrittenWork,1,The_Fellowship_of_the_Ring | releaseDate | 1954-07-29,WrittenWork#1,30,Foilsíodh The Fellowship of the Ring an 29 Iúil 1954.,ref
ga_30,"Eisíodh Comhaltacht an Fháinne ar 29 Iúil, 1954.",4,True,True,True,A005,ga,1089,team_g,WrittenWork,1,The_Fellowship_of_the_Ring | releaseDate | 1954-07-29,WrittenWork#1,30,Foilsíodh The Fellowship of the Ring an 29 Iúil 1954.,ref
ga_230,Seoladh The Rockship of the Ring ar an 29ú lá i mí Iúil 1954.,5,False,False,True,A007,ga,1089,team_d,WrittenWork,1,The_Fellowship_of_the_Ring | releaseDate | 1954-07-29,WrittenWork#1,30,Foilsíodh The Fellowship of the Ring an 29 Iúil 1954.,ref
ga_431,Rugadh Brandon Carter i Sasana agus tá cáil air as a chuid oibre ar an bPrionsabal Antraipeach.,5,True,True,True,A006,ga,612,team_g,Scientist,2,Brandon_Carter | birthPlace | England<br>Brandon_Carter | knownFor | Anthropic_principle,Scientist#2,31,Tugann Brandon Carter áit bhreithe ar Shasana agus tá an-aithne air as teoirim phrionsabal na hAntrapachta.,ref
ga_131,"Rugadh Brandon Carter, atá cáil air don Anthropic principle, i Sasana.",3,True,True,True,A008,ga,612,team_b,Scientist,2,Brandon_Carter | birthPlace | England<br>Brandon_Carter | knownFor | Anthropic_principle,Scientist#2,31,Tugann Brandon Carter áit bhreithe ar Shasana agus tá an-aithne air as teoirim phrionsabal na hAntrapachta.,ref
ga_331,Rugadh Brandon Carter san Sasana agus is é a dtugtar Prins antrópiseach air.,1,True,True,True,A009,ga,612,team_d,Scientist,2,Brandon_Carter | birthPlace | England<br>Brandon_Carter | knownFor | Anthropic_principle,Scientist#2,31,Tugann Brandon Carter áit bhreithe ar Shasana agus tá an-aithne air as teoirim phrionsabal na hAntrapachta.,ref
ga_31,Tugann Brandon Carter áit bhreithe ar Shasana agus tá an-aithne air as teoirim phrionsabal na hAntrapachta.,3,True,True,True,A005,ga,612,refs,Scientist,2,Brandon_Carter | birthPlace | England<br>Brandon_Carter | knownFor | Anthropic_principle,Scientist#2,31,Tugann Brandon Carter áit bhreithe ar Shasana agus tá an-aithne air as teoirim phrionsabal na hAntrapachta.,ref
ga_231,Rugadh Brandon Carter san Sasana agus tá sé ar a dtugtar an córas Anthropic.,3,False,False,True,A007,ga,612,team_a,Scientist,2,Brandon_Carter | birthPlace | England<br>Brandon_Carter | knownFor | Anthropic_principle,Scientist#2,31,Tugann Brandon Carter áit bhreithe ar Shasana agus tá an-aithne air as teoirim phrionsabal na hAntrapachta.,ref
ga_432,Déanann GMA New Media online game.,2,False,False,True,A006,ga,916,team_b,Company,1,GMA_New_Media | product | Online_Game,Company#1,32,Is é príomhtháirge nua GMA New Media cluichí ar líne.,ref
ga_132,Tá GMA New Media ag táirgeadh cluichí ar líne.,5,True,True,True,A008,ga,916,team_a,Company,1,GMA_New_Media | product | Online_Game,Company#1,32,Is é príomhtháirge nua GMA New Media cluichí ar líne.,ref
ga_332,Táirgeann GMA New Media cluiche ar líne.,3,True,True,True,A009,ga,916,team_g,Company,1,GMA_New_Media | product | Online_Game,Company#1,32,Is é príomhtháirge nua GMA New Media cluichí ar líne.,ref
ga_32,Déanann GMA New Media cluichí ar líne a tháirgeadh.,5,True,True,True,A005,ga,916,team_d,Company,1,GMA_New_Media | product | Online_Game,Company#1,32,Is é príomhtháirge nua GMA New Media cluichí ar líne.,ref
ga_232,Is é príomhtháirge nua GMA New Media cluichí ar líne.,4,True,True,True,A007,ga,916,refs,Company,1,GMA_New_Media | product | Online_Game,Company#1,32,Is é príomhtháirge nua GMA New Media cluichí ar líne.,ref
ga_433,Ta baint ag an gceoltóir támhcheoil Andrew Rayel le Bobina.,1,False,False,True,A006,ga,1414,refs,Artist,2,Andrew_Rayel | associatedBand/associatedMusicalArtist | Bobina<br>Andrew_Rayel | genre | Trance_music,Artist#2,33,Ta baint ag an gceoltóir támhcheoil Andrew Rayel le Bobina.,ref
ga_133,Samhlaítear an ceoltóir transa Andrew Rayel le Bobina.,5,True,True,True,A008,ga,1414,team_d,Artist,2,Andrew_Rayel | associatedBand/associatedMusicalArtist | Bobina<br>Andrew_Rayel | genre | Trance_music,Artist#2,33,Ta baint ag an gceoltóir támhcheoil Andrew Rayel le Bobina.,ref
ga_333,Tá Andrew Rayel ceangailte leis an ealaíontóir ceoil Bobina agus is é a ghnéas ceoil Trance.,2,True,True,True,A009,ga,1414,team_a,Artist,2,Andrew_Rayel | associatedBand/associatedMusicalArtist | Bobina<br>Andrew_Rayel | genre | Trance_music,Artist#2,33,Ta baint ag an gceoltóir támhcheoil Andrew Rayel le Bobina.,ref
ga_33,Sheinn Andrew Rayel le Bobina agus seinneann sé Trance music.,3,True,True,True,A005,ga,1414,team_b,Artist,2,Andrew_Rayel | associatedBand/associatedMusicalArtist | Bobina<br>Andrew_Rayel | genre | Trance_music,Artist#2,33,Ta baint ag an gceoltóir támhcheoil Andrew Rayel le Bobina.,ref
ga_233,Is ealaíontóir ceoil trance é Andrew Rayel a bhaineann leis an mbanna Bobina.,5,True,True,True,A007,ga,1414,team_g,Artist,2,Andrew_Rayel | associatedBand/associatedMusicalArtist | Bobina<br>Andrew_Rayel | genre | Trance_music,Artist#2,33,Ta baint ag an gceoltóir támhcheoil Andrew Rayel le Bobina.,ref
ga_434,"Tá Aerfort Adolfo Suárez Madrid-Barajas lonnaithe in Alcobendas agus is é ENAIRE a reáchtálann é, a bhfuil lonnaithe i Madrid na Spáinne. Tá an aerfort 610.0 méadar os cionn leibhéal na mara.",5,True,True,True,A006,ga,418,team_d,Airport,5,Adolfo_Suárez_Madrid–Barajas_Airport | operatingOrganisation | ENAIRE<br>Adolfo_Suárez_Madrid–Barajas_Airport | location | Alcobendas<br>ENAIRE | city | Madrid<br>Adolfo_Suárez_Madrid–Barajas_Airport | elevationAboveTheSeaLevel | 610.0<br>Madrid | country | Spain,Airport#5,34,"""Tá aerfort Adolfo Suarez Mhaidrid-Barajas, a oibrítear ag ENAIRE, suite i limistéar Alcobendas de chathair Mhaidrid na Spáinne. Tá sé suite 610 méadar os cionn leibhéal na mara.""",ref
ga_134,"Tá Aerfort Adolfo Suárez Maidrid-Barajas á oibriú ag ENAIRE agus tá sé suite in Alcobendas, Maidrid, an Spáinn, ag airde 610.0 méadar os cionn leibhéal na farraige.",5,True,True,True,A008,ga,418,team_g,Airport,5,Adolfo_Suárez_Madrid–Barajas_Airport | operatingOrganisation | ENAIRE<br>Adolfo_Suárez_Madrid–Barajas_Airport | location | Alcobendas<br>ENAIRE | city | Madrid<br>Adolfo_Suárez_Madrid–Barajas_Airport | elevationAboveTheSeaLevel | 610.0<br>Madrid | country | Spain,Airport#5,34,"""Tá aerfort Adolfo Suarez Mhaidrid-Barajas, a oibrítear ag ENAIRE, suite i limistéar Alcobendas de chathair Mhaidrid na Spáinne. Tá sé suite 610 méadar os cionn leibhéal na mara.""",ref
ga_334,"""Tá aerfort Adolfo Suarez Mhaidrid-Barajas, a oibrítear ag ENAIRE, suite i limistéar Alcobendas de chathair Mhaidrid na Spáinne. Tá sé suite 610 méadar os cionn leibhéal na mara.""",3,True,True,True,A009,ga,418,refs,Airport,5,Adolfo_Suárez_Madrid–Barajas_Airport | operatingOrganisation | ENAIRE<br>Adolfo_Suárez_Madrid–Barajas_Airport | location | Alcobendas<br>ENAIRE | city | Madrid<br>Adolfo_Suárez_Madrid–Barajas_Airport | elevationAboveTheSeaLevel | 610.0<br>Madrid | country | Spain,Airport#5,34,"""Tá aerfort Adolfo Suarez Mhaidrid-Barajas, a oibrítear ag ENAIRE, suite i limistéar Alcobendas de chathair Mhaidrid na Spáinne. Tá sé suite 610 méadar os cionn leibhéal na mara.""",ref
ga_34,Is é ENAIRE an eagraíocht oibríochtúil don Aerfort Adolfo Suarez Madrid-Barajas atá suite i Alcobendas agus tá sé 610 méadar os cionn leibhéal na farraige.  Tá ENAIRE suite i Madrid.  Tá Madrid suite san Spáinn.,5,True,True,True,A005,ga,418,team_a,Airport,5,Adolfo_Suárez_Madrid–Barajas_Airport | operatingOrganisation | ENAIRE<br>Adolfo_Suárez_Madrid–Barajas_Airport | location | Alcobendas<br>ENAIRE | city | Madrid<br>Adolfo_Suárez_Madrid–Barajas_Airport | elevationAboveTheSeaLevel | 610.0<br>Madrid | country | Spain,Airport#5,34,"""Tá aerfort Adolfo Suarez Mhaidrid-Barajas, a oibrítear ag ENAIRE, suite i limistéar Alcobendas de chathair Mhaidrid na Spáinne. Tá sé suite 610 méadar os cionn leibhéal na mara.""",ref
ga_234,"Reáchtálann ENAIRE an Adolfo Suárez Madrid–Barajas Airport, lonnaithe in Alcobendas. Tá Adolfo Suárez Madrid–Barajas Airport 610 meters os cionn leibhéal na farraige. Tá Maidrid, a fheidhmíonn ENAIRE dó, lonnaithe ins An Spáinn.",3,True,True,True,A007,ga,418,team_b,Airport,5,Adolfo_Suárez_Madrid–Barajas_Airport | operatingOrganisation | ENAIRE<br>Adolfo_Suárez_Madrid–Barajas_Airport | location | Alcobendas<br>ENAIRE | city | Madrid<br>Adolfo_Suárez_Madrid–Barajas_Airport | elevationAboveTheSeaLevel | 610.0<br>Madrid | country | Spain,Airport#5,34,"""Tá aerfort Adolfo Suarez Mhaidrid-Barajas, a oibrítear ag ENAIRE, suite i limistéar Alcobendas de chathair Mhaidrid na Spáinne. Tá sé suite 610 méadar os cionn leibhéal na mara.""",ref
ga_435,Fuair Liselotte Grschebina bás ar 14 Meitheamh 1994 agus is as Iosrael é. Rinne sí staidéar sa School of Applied Arts in Stuttgart. Rugadh í ar 02 Bealtaine 1908. D'oibrigh sí mar ghrianghrafadóir.,3,True,True,True,A006,ga,1560,team_b,Artist,5,Liselotte_Grschebina | deathDate | 1994-06-14<br>Liselotte_Grschebina | nationality | Israel<br>Liselotte_Grschebina | training | School_of_Applied_Arts_in_Stuttgart<br>Liselotte_Grschebina | birthDate | 1908-05-02<br>Liselotte_Grschebina | professionalField | Photographer,Artist#5,35,Rugadh Liselotte Grschebina an 2 Bealtaine 1908 in Iosrael. D'fhreastail sí ar scoil na nEalaíon Feidhmeach in Stuttgart agus d'éirigh sí ina grianghrafadóir gairmiúil. Fuair sí bás an 14 Meitheamh 1994.,ref
ga_135,"Rugadh an Meiriceánach, Liselotte Grschebina ar 2 Bealtaine 1908. D'fhoghlaim sí ag an Scoil Ealaíon Poiblí i Stát Aontaithe agus fuair sé bás ar 14 Iúil 1994.",3,False,False,True,A008,ga,1560,team_a,Artist,5,Liselotte_Grschebina | deathDate | 1994-06-14<br>Liselotte_Grschebina | nationality | Israel<br>Liselotte_Grschebina | training | School_of_Applied_Arts_in_Stuttgart<br>Liselotte_Grschebina | birthDate | 1908-05-02<br>Liselotte_Grschebina | professionalField | Photographer,Artist#5,35,Rugadh Liselotte Grschebina an 2 Bealtaine 1908 in Iosrael. D'fhreastail sí ar scoil na nEalaíon Feidhmeach in Stuttgart agus d'éirigh sí ina grianghrafadóir gairmiúil. Fuair sí bás an 14 Meitheamh 1994.,ref
ga_335,"Ba ghrianghrafadóir í Liselotte Grschebina a rugadh ar 2 Bealtaine 1908 agus a fuair bás ar an 14 Meitheamh, 1994. Ba de náisiúntacht Iosraelach í agus cuireadh oiliúint uirthi i Scoil na nEalaíon Feidhmeach i Stuttgart.",4,True,True,True,A009,ga,1560,team_g,Artist,5,Liselotte_Grschebina | deathDate | 1994-06-14<br>Liselotte_Grschebina | nationality | Israel<br>Liselotte_Grschebina | training | School_of_Applied_Arts_in_Stuttgart<br>Liselotte_Grschebina | birthDate | 1908-05-02<br>Liselotte_Grschebina | professionalField | Photographer,Artist#5,35,Rugadh Liselotte Grschebina an 2 Bealtaine 1908 in Iosrael. D'fhreastail sí ar scoil na nEalaíon Feidhmeach in Stuttgart agus d'éirigh sí ina grianghrafadóir gairmiúil. Fuair sí bás an 14 Meitheamh 1994.,ref
ga_35,"Rugadh Liselotte Gorschebina, náisiúnach Iosraelach, ar an 2 Iúil 1908 agus cailleadh ar an 14 Meitheamh 1994 í. Bhain sí céim amach ó Scoil na n-Ealaíon Iontraithe i Stuttgart agus bhí sí mar Iarsmalta.",5,True,True,True,A005,ga,1560,team_d,Artist,5,Liselotte_Grschebina | deathDate | 1994-06-14<br>Liselotte_Grschebina | nationality | Israel<br>Liselotte_Grschebina | training | School_of_Applied_Arts_in_Stuttgart<br>Liselotte_Grschebina | birthDate | 1908-05-02<br>Liselotte_Grschebina | professionalField | Photographer,Artist#5,35,Rugadh Liselotte Grschebina an 2 Bealtaine 1908 in Iosrael. D'fhreastail sí ar scoil na nEalaíon Feidhmeach in Stuttgart agus d'éirigh sí ina grianghrafadóir gairmiúil. Fuair sí bás an 14 Meitheamh 1994.,ref
ga_235,Rugadh Liselotte Grschebina an 2 Bealtaine 1908 in Iosrael. D'fhreastail sí ar scoil na nEalaíon Feidhmeach in Stuttgart agus d'éirigh sí ina grianghrafadóir gairmiúil. Fuair sí bás an 14 Meitheamh 1994.,4,False,False,True,A007,ga,1560,refs,Artist,5,Liselotte_Grschebina | deathDate | 1994-06-14<br>Liselotte_Grschebina | nationality | Israel<br>Liselotte_Grschebina | training | School_of_Applied_Arts_in_Stuttgart<br>Liselotte_Grschebina | birthDate | 1908-05-02<br>Liselotte_Grschebina | professionalField | Photographer,Artist#5,35,Rugadh Liselotte Grschebina an 2 Bealtaine 1908 in Iosrael. D'fhreastail sí ar scoil na nEalaíon Feidhmeach in Stuttgart agus d'éirigh sí ina grianghrafadóir gairmiúil. Fuair sí bás an 14 Meitheamh 1994.,ref
ga_436,"""Léirigh an banna Meiriceánach, The Honeymoon Killers, an t-albam dá chuid Turn Me On é féin, le cúnamh ó roinnt ceoltóirí ó ghrúpa ceoil gaolmhar ar a dtugtar Pussy Galore.""",4,False,False,True,A006,ga,762,refs,MusicalWork,2,The_Honeymoon_Killers_(American_band) | associatedBand/associatedMusicalArtist | Pussy_Galore_(band)<br>Turn_Me_On_(album) | producer | The_Honeymoon_Killers_(American_band),MusicalWork#2,36,"""Léirigh an banna Meiriceánach, The Honeymoon Killers, an t-albam dá chuid Turn Me On é féin, le cúnamh ó roinnt ceoltóirí ó ghrúpa ceoil gaolmhar ar a dtugtar Pussy Galore.""",ref
ga_136,Samhlaítear an banna Meiriceánach The Honeymoon Millers leis an mbanna Pussy Lore. Is é The American Band a tháirg Turn Me On.,3,True,True,True,A008,ga,762,team_d,MusicalWork,2,The_Honeymoon_Killers_(American_band) | associatedBand/associatedMusicalArtist | Pussy_Galore_(band)<br>Turn_Me_On_(album) | producer | The_Honeymoon_Killers_(American_band),MusicalWork#2,36,"""Léirigh an banna Meiriceánach, The Honeymoon Killers, an t-albam dá chuid Turn Me On é féin, le cúnamh ó roinnt ceoltóirí ó ghrúpa ceoil gaolmhar ar a dtugtar Pussy Galore.""",ref
ga_336,"Tá The Honeymoon Killers (band Meiriceánach) ceangailte leis an ghrúpa Pussy Galeore.  Is é The Honeymoon Killers an chuideachta Meiriceánach a tháirgeann an lipéad ""Turn Me On"".",2,True,True,True,A009,ga,762,team_a,MusicalWork,2,The_Honeymoon_Killers_(American_band) | associatedBand/associatedMusicalArtist | Pussy_Galore_(band)<br>Turn_Me_On_(album) | producer | The_Honeymoon_Killers_(American_band),MusicalWork#2,36,"""Léirigh an banna Meiriceánach, The Honeymoon Killers, an t-albam dá chuid Turn Me On é féin, le cúnamh ó roinnt ceoltóirí ó ghrúpa ceoil gaolmhar ar a dtugtar Pussy Galore.""",ref
ga_36,"Léirigh The Honeymoon Killers, a sheinn le Pussy Galore, Turn Me On.",5,True,True,True,A005,ga,762,team_b,MusicalWork,2,The_Honeymoon_Killers_(American_band) | associatedBand/associatedMusicalArtist | Pussy_Galore_(band)<br>Turn_Me_On_(album) | producer | The_Honeymoon_Killers_(American_band),MusicalWork#2,36,"""Léirigh an banna Meiriceánach, The Honeymoon Killers, an t-albam dá chuid Turn Me On é féin, le cúnamh ó roinnt ceoltóirí ó ghrúpa ceoil gaolmhar ar a dtugtar Pussy Galore.""",ref
ga_236,"The Honeymoon Killers, banna ceoil Meiriceánach, a rinne an t-albam Turn Me On agus bhí baint acu leis an mbanna Pussy Galore.",5,True,True,True,A007,ga,762,team_g,MusicalWork,2,The_Honeymoon_Killers_(American_band) | associatedBand/associatedMusicalArtist | Pussy_Galore_(band)<br>Turn_Me_On_(album) | producer | The_Honeymoon_Killers_(American_band),MusicalWork#2,36,"""Léirigh an banna Meiriceánach, The Honeymoon Killers, an t-albam dá chuid Turn Me On é féin, le cúnamh ó roinnt ceoltóirí ó ghrúpa ceoil gaolmhar ar a dtugtar Pussy Galore.""",ref
ga_437,"D'aimsigh Grigory Neujmin 1147 Stavropolis ar 11 Meitheamh, 1929. Tá apoapsis de 418476000000.0 aige agus méid iomlán de 11.5.",4,True,True,True,A006,ga,255,team_g,CelestialBody,4,1147_Stavropolis | discoverer | Grigory_Neujmin<br>1147_Stavropolis | apoapsis | 418476000000.0<br>1147_Stavropolis | absoluteMagnitude | 11.5<br>1147_Stavropolis | discovered | 1929-06-11,CelestialBody#4,37,D'aimsigh Grigory Neujmin 1147 Stavropolis an 11 Meitheamh 1929. Tá apaipsis de 418476000000.0 aige mar aon le dearbhmhéid de 11.5.,ref
ga_137,"D'aimsigh Grigory Neujmin 1147 Stavropolis agus aimsíodh 1147 Stavropolis ar 11 Meitheamh 1929. Is é apaisis 1147 Stavropolis, atá dearbhmhéid 11.5 aige, ná 418,476,000,000.",4,True,True,False,A008,ga,255,team_b,CelestialBody,4,1147_Stavropolis | discoverer | Grigory_Neujmin<br>1147_Stavropolis | apoapsis | 418476000000.0<br>1147_Stavropolis | absoluteMagnitude | 11.5<br>1147_Stavropolis | discovered | 1929-06-11,CelestialBody#4,37,D'aimsigh Grigory Neujmin 1147 Stavropolis an 11 Meitheamh 1929. Tá apaipsis de 418476000000.0 aige mar aon le dearbhmhéid de 11.5.,ref
ga_337,"Fuair Grigory Neujmin 1147 Stavropolis a bhfuil apoapsas 418476000000.0 agus méid iomlán 11.5 aige, a tháinig ar fáil.",1,True,True,True,A009,ga,255,team_d,CelestialBody,4,1147_Stavropolis | discoverer | Grigory_Neujmin<br>1147_Stavropolis | apoapsis | 418476000000.0<br>1147_Stavropolis | absoluteMagnitude | 11.5<br>1147_Stavropolis | discovered | 1929-06-11,CelestialBody#4,37,D'aimsigh Grigory Neujmin 1147 Stavropolis an 11 Meitheamh 1929. Tá apaipsis de 418476000000.0 aige mar aon le dearbhmhéid de 11.5.,ref
ga_37,D'aimsigh Grigory Neujmin 1147 Stavropolis an 11 Meitheamh 1929. Tá apaipsis de 418476000000.0 aige mar aon le dearbhmhéid de 11.5.,4,True,True,True,A005,ga,255,refs,CelestialBody,4,1147_Stavropolis | discoverer | Grigory_Neujmin<br>1147_Stavropolis | apoapsis | 418476000000.0<br>1147_Stavropolis | absoluteMagnitude | 11.5<br>1147_Stavropolis | discovered | 1929-06-11,CelestialBody#4,37,D'aimsigh Grigory Neujmin 1147 Stavropolis an 11 Meitheamh 1929. Tá apaipsis de 418476000000.0 aige mar aon le dearbhmhéid de 11.5.,ref
ga_237,"Fuair an t-aislingéir 1147 Stavropolis, a fuarthas ar 11 Iúil 1929, ag Grigory Neujmin. Tá méideanna absoluta de 11.7 agus apoapsis de 418476000000.0.",2,False,False,True,A007,ga,255,team_a,CelestialBody,4,1147_Stavropolis | discoverer | Grigory_Neujmin<br>1147_Stavropolis | apoapsis | 418476000000.0<br>1147_Stavropolis | absoluteMagnitude | 11.5<br>1147_Stavropolis | discovered | 1929-06-11,CelestialBody#4,37,D'aimsigh Grigory Neujmin 1147 Stavropolis an 11 Meitheamh 1929. Tá apaipsis de 418476000000.0 aige mar aon le dearbhmhéid de 11.5.,ref
ga_438,"Rugadh an 25ú Lúnasa 1987, tá sé 175.26m ar airde.",2,False,False,False,A006,ga,761,team_a,Athlete,2,Piotr_Hallmann | birthDate | 1987-08-25<br>Piotr_Hallmann | height | 175.26,Athlete#2,38,Rugadh Piotr Hallmann an 25 Lúnasa 1987 agus bhí sé 175.26 cm ar airde.,ref
ga_138,Rugadh Piotr Hallmann an 25 Lúnasa 1987 agus bhí sé 175.26 cm ar airde.,5,True,False,True,A008,ga,761,refs,Athlete,2,Piotr_Hallmann | birthDate | 1987-08-25<br>Piotr_Hallmann | height | 175.26,Athlete#2,38,Rugadh Piotr Hallmann an 25 Lúnasa 1987 agus bhí sé 175.26 cm ar airde.,ref
ga_338,"Rugadh Piotr Hallmann, atá 175.26 centimetres ar airde, ar 25 Lúnasa 1987.",2,True,True,True,A009,ga,761,team_b,Athlete,2,Piotr_Hallmann | birthDate | 1987-08-25<br>Piotr_Hallmann | height | 175.26,Athlete#2,38,Rugadh Piotr Hallmann an 25 Lúnasa 1987 agus bhí sé 175.26 cm ar airde.,ref
ga_38,"Rugadh Piotr Hallmann ar an 25 Lúnasa, 1987 agus é 175.26 cm ar airde.",5,True,True,True,A005,ga,761,team_g,Athlete,2,Piotr_Hallmann | birthDate | 1987-08-25<br>Piotr_Hallmann | height | 175.26,Athlete#2,38,Rugadh Piotr Hallmann an 25 Lúnasa 1987 agus bhí sé 175.26 cm ar airde.,ref
ga_238,Rugadh Piotr Hallmann ar an 25ú Lúnasa 1987 agus tá sé 175.26 ar airde.,5,True,True,True,A007,ga,761,team_d,Athlete,2,Piotr_Hallmann | birthDate | 1987-08-25<br>Piotr_Hallmann | height | 175.26,Athlete#2,38,Rugadh Piotr Hallmann an 25 Lúnasa 1987 agus bhí sé 175.26 cm ar airde.,ref
ga_439,Tá achar iomlán 370.03 ag Detroit.,5,True,True,True,A006,ga,72,team_d,MeanOfTransportation,1,Detroit | areaTotal | 370.03,MeanOfTransportation#1,39,Is é achar iomlán chathair Detroit 370.03 ciliméadar cearnach.,ref
ga_139,Is é achar iomlán Detroit ná 370.03.,5,True,True,True,A008,ga,72,team_g,MeanOfTransportation,1,Detroit | areaTotal | 370.03,MeanOfTransportation#1,39,Is é achar iomlán chathair Detroit 370.03 ciliméadar cearnach.,ref
ga_339,Is é achar iomlán chathair Detroit 370.03 ciliméadar cearnach.,4,True,True,True,A009,ga,72,refs,MeanOfTransportation,1,Detroit | areaTotal | 370.03,MeanOfTransportation#1,39,Is é achar iomlán chathair Detroit 370.03 ciliméadar cearnach.,ref
ga_39,Tá limistéar iomlán Detroit 370.03.,5,True,True,True,A005,ga,72,team_a,MeanOfTransportation,1,Detroit | areaTotal | 370.03,MeanOfTransportation#1,39,Is é achar iomlán chathair Detroit 370.03 ciliméadar cearnach.,ref
ga_239,"Is é achar iomlán Detroit, Michigan ná 370.03.",5,True,True,True,A007,ga,72,team_b,MeanOfTransportation,1,Detroit | areaTotal | 370.03,MeanOfTransportation#1,39,Is é achar iomlán chathair Detroit 370.03 ciliméadar cearnach.,ref
ga_440,Rugadh Olga Bondareva i Leningrad na SAO ar an 27 Aibreán 1937.,5,True,True,True,A006,ga,141,team_d,Scientist,2,"Olga_Bondareva | birthPlace | Leningrad,_USSR<br>Olga_Bondareva | birthDate | 1937-04-27",Scientist#2,40,"""Rugadh Olga Bondareva an 27 Aibreán 1937 in Leningrad, APSS.""",ref
ga_140,"Rugadh Olga Bondareva i Leningrad, APSS ar 27 Aibreán, 1937.",5,True,True,True,A008,ga,141,team_g,Scientist,2,"Olga_Bondareva | birthPlace | Leningrad,_USSR<br>Olga_Bondareva | birthDate | 1937-04-27",Scientist#2,40,"""Rugadh Olga Bondareva an 27 Aibreán 1937 in Leningrad, APSS.""",ref
ga_340,"Rugadh Olga Bondareva i Leningrad, USSR ar 27 Aibreán 1937.",3,True,True,True,A009,ga,141,team_b,Scientist,2,"Olga_Bondareva | birthPlace | Leningrad,_USSR<br>Olga_Bondareva | birthDate | 1937-04-27",Scientist#2,40,"""Rugadh Olga Bondareva an 27 Aibreán 1937 in Leningrad, APSS.""",ref
ga_40,"Rugadh Olga Bondareva ar 27 Aibreán 1937 i Leningrad, an Rúis.",5,True,True,True,A005,ga,141,team_a,Scientist,2,"Olga_Bondareva | birthPlace | Leningrad,_USSR<br>Olga_Bondareva | birthDate | 1937-04-27",Scientist#2,40,"""Rugadh Olga Bondareva an 27 Aibreán 1937 in Leningrad, APSS.""",ref
ga_240,"""Rugadh Olga Bondareva an 27 Aibreán 1937 in Leningrad, APSS.""",5,True,True,True,A007,ga,141,refs,Scientist,2,"Olga_Bondareva | birthPlace | Leningrad,_USSR<br>Olga_Bondareva | birthDate | 1937-04-27",Scientist#2,40,"""Rugadh Olga Bondareva an 27 Aibreán 1937 in Leningrad, APSS.""",ref
ga_441,Is é an demonym don Tuirc ná an Tuirc.,2,True,True,True,A006,ga,121,team_g,Scientist,1,Turkey | demonym | Turk,Scientist#1,41,Is é Turcach an déamainm do dhuine atá ina chónaí sa Tuirc.,ref
ga_141,Cónaíonn Tuirc ins An Tuirc.,3,False,False,False,A008,ga,121,team_b,Scientist,1,Turkey | demonym | Turk,Scientist#1,41,Is é Turcach an déamainm do dhuine atá ina chónaí sa Tuirc.,ref
ga_341,Is é an demonym do mhuintir na Tuirce Turk.,2,True,True,True,A009,ga,121,team_a,Scientist,1,Turkey | demonym | Turk,Scientist#1,41,Is é Turcach an déamainm do dhuine atá ina chónaí sa Tuirc.,ref
ga_41,Is é Turcach an déamainm do dhuine atá ina chónaí sa Tuirc.,5,True,True,True,A005,ga,121,refs,Scientist,1,Turkey | demonym | Turk,Scientist#1,41,Is é Turcach an déamainm do dhuine atá ina chónaí sa Tuirc.,ref
ga_241,Is é Turcach an dé-ainm atá ar an Tuirc.,4,True,True,True,A007,ga,121,team_d,Scientist,1,Turkey | demonym | Turk,Scientist#1,41,Is é Turcach an déamainm do dhuine atá ina chónaí sa Tuirc.,ref
ga_442,Is ceol rúc é an cine Squeeze (an lipéad Velvet Underground).,2,False,False,True,A006,ga,493,team_a,MusicalWork,1,Squeeze_(The_Velvet_Underground_album) | genre | Rock_music,MusicalWork#1,42,Tá an t-albam Squeeze le The Velvet Underground sa seánra rac-cheoil.,ref
ga_142,Tá an t-albam Squeeze le The Velvet Underground sa seánra rac-cheoil.,4,True,True,True,A008,ga,493,refs,MusicalWork,1,Squeeze_(The_Velvet_Underground_album) | genre | Rock_music,MusicalWork#1,42,Tá an t-albam Squeeze le The Velvet Underground sa seánra rac-cheoil.,ref
ga_342,Is seánra ceoil roc é Squeeze (an albam The Velvet Underground).,1,False,False,True,A009,ga,493,team_d,MusicalWork,1,Squeeze_(The_Velvet_Underground_album) | genre | Rock_music,MusicalWork#1,42,Tá an t-albam Squeeze le The Velvet Underground sa seánra rac-cheoil.,ref
ga_42,Is albam é Squeeze le The Velvet Underground atá rangaithe mar rac-cheol.,5,True,True,True,A005,ga,493,team_g,MusicalWork,1,Squeeze_(The_Velvet_Underground_album) | genre | Rock_music,MusicalWork#1,42,Tá an t-albam Squeeze le The Velvet Underground sa seánra rac-cheoil.,ref
ga_242,Is Rac-cheol é Squeeze.,5,False,True,True,A007,ga,493,team_b,MusicalWork,1,Squeeze_(The_Velvet_Underground_album) | genre | Rock_music,MusicalWork#1,42,Tá an t-albam Squeeze le The Velvet Underground sa seánra rac-cheoil.,ref
ga_443,"""Eisíodh an t-albam iar-mhiotail """"Nord"""" le The Year of No Light an 6 Deireadh Fómhair 2006 agus eisíodh """"Live at Roadburn 2008"""" ina dhiaidh. Arna léiriú ag an mbanna ceoil The Year of No Light, is sa seánra miotail sloda an t-albam """"Nord"""".""",3,False,False,True,A006,ga,1622,refs,MusicalWork,6,Nord_(Year_of_No_Light_album) | releaseDate | 2006-09-06<br>Nord_(Year_of_No_Light_album) | followedBy | Live_at_Roadburn_2008_(Year_of_No_Light_album)<br>Nord_(Year_of_No_Light_album) | genre | Sludge_metal<br>Nord_(Year_of_No_Light_album) | producer | Year_of_No_Light<br>Nord_(Year_of_No_Light_album) | artist | Year_of_No_Light<br>Nord_(Year_of_No_Light_album) | genre | Post-metal,MusicalWork#6,43,"""Eisíodh an t-albam iar-mhiotail """"Nord"""" le The Year of No Light an 6 Deireadh Fómhair 2006 agus eisíodh """"Live at Roadburn 2008"""" ina dhiaidh. Arna léiriú ag an mbanna ceoil The Year of No Light, is sa seánra miotail sloda an t-albam """"Nord"""".""",ref
ga_143,"Is é an ceoltóir, Year of No Light, a rinne Nord (albam Year of No Light) agus is seánra iar-méatail é. Seoladh an ceol ar an 6 Meán Fómhair 2006 agus lean Live at Roadburn 2008 i ndiaidh sin.",3,False,True,False,A008,ga,1622,team_d,MusicalWork,6,Nord_(Year_of_No_Light_album) | releaseDate | 2006-09-06<br>Nord_(Year_of_No_Light_album) | followedBy | Live_at_Roadburn_2008_(Year_of_No_Light_album)<br>Nord_(Year_of_No_Light_album) | genre | Sludge_metal<br>Nord_(Year_of_No_Light_album) | producer | Year_of_No_Light<br>Nord_(Year_of_No_Light_album) | artist | Year_of_No_Light<br>Nord_(Year_of_No_Light_album) | genre | Post-metal,MusicalWork#6,43,"""Eisíodh an t-albam iar-mhiotail """"Nord"""" le The Year of No Light an 6 Deireadh Fómhair 2006 agus eisíodh """"Live at Roadburn 2008"""" ina dhiaidh. Arna léiriú ag an mbanna ceoil The Year of No Light, is sa seánra miotail sloda an t-albam """"Nord"""".""",ref
ga_343,"Eisíodh Nord, albam le Year of No Light, ar an 6 Meán Fómhair, 2006. Is albam miotail sloda agus iar-mhiotail é a tháirgtear ag Year of No Light agus ina dhiaidh sin bhí an t-albam Live at Roadburn 2008.",2,True,True,True,A009,ga,1622,team_g,MusicalWork,6,Nord_(Year_of_No_Light_album) | releaseDate | 2006-09-06<br>Nord_(Year_of_No_Light_album) | followedBy | Live_at_Roadburn_2008_(Year_of_No_Light_album)<br>Nord_(Year_of_No_Light_album) | genre | Sludge_metal<br>Nord_(Year_of_No_Light_album) | producer | Year_of_No_Light<br>Nord_(Year_of_No_Light_album) | artist | Year_of_No_Light<br>Nord_(Year_of_No_Light_album) | genre | Post-metal,MusicalWork#6,43,"""Eisíodh an t-albam iar-mhiotail """"Nord"""" le The Year of No Light an 6 Deireadh Fómhair 2006 agus eisíodh """"Live at Roadburn 2008"""" ina dhiaidh. Arna léiriú ag an mbanna ceoil The Year of No Light, is sa seánra miotail sloda an t-albam """"Nord"""".""",ref
ga_43,"Eisíodh Nord, a leanann Live at Roadburn 2008, ar 06 Meán Fómhair 2006. Is Sludge metal é Nord, léirithe ag Year of No Light, agus Post-metal. Scríobh Year of No Light Nord.",5,True,True,True,A005,ga,1622,team_b,MusicalWork,6,Nord_(Year_of_No_Light_album) | releaseDate | 2006-09-06<br>Nord_(Year_of_No_Light_album) | followedBy | Live_at_Roadburn_2008_(Year_of_No_Light_album)<br>Nord_(Year_of_No_Light_album) | genre | Sludge_metal<br>Nord_(Year_of_No_Light_album) | producer | Year_of_No_Light<br>Nord_(Year_of_No_Light_album) | artist | Year_of_No_Light<br>Nord_(Year_of_No_Light_album) | genre | Post-metal,MusicalWork#6,43,"""Eisíodh an t-albam iar-mhiotail """"Nord"""" le The Year of No Light an 6 Deireadh Fómhair 2006 agus eisíodh """"Live at Roadburn 2008"""" ina dhiaidh. Arna léiriú ag an mbanna ceoil The Year of No Light, is sa seánra miotail sloda an t-albam """"Nord"""".""",ref
ga_243,"Thosaigh an t-ealaíontóir post-mhéide, Year of No Light, ar an 6ú Meán Fómhair 2006 agus bhí sé ina leanúint de Live at Roadburn 2008. Is é an cine ceoil den lipéad seo sludge metal.",3,False,True,True,A007,ga,1622,team_a,MusicalWork,6,Nord_(Year_of_No_Light_album) | releaseDate | 2006-09-06<br>Nord_(Year_of_No_Light_album) | followedBy | Live_at_Roadburn_2008_(Year_of_No_Light_album)<br>Nord_(Year_of_No_Light_album) | genre | Sludge_metal<br>Nord_(Year_of_No_Light_album) | producer | Year_of_No_Light<br>Nord_(Year_of_No_Light_album) | artist | Year_of_No_Light<br>Nord_(Year_of_No_Light_album) | genre | Post-metal,MusicalWork#6,43,"""Eisíodh an t-albam iar-mhiotail """"Nord"""" le The Year of No Light an 6 Deireadh Fómhair 2006 agus eisíodh """"Live at Roadburn 2008"""" ina dhiaidh. Arna léiriú ag an mbanna ceoil The Year of No Light, is sa seánra miotail sloda an t-albam """"Nord"""".""",ref
ga_444,"Reáchtálann MotorSport Vision an Bedford Aerodrome, a fheidhmíonn do Bhedford Autodrome. Is é fad an rúidbhealaigh de Bhedford Aerodrome ná 1,095 troigh. Tá Bedford Aerodrome lonnaithe i dThurleigh 83.2104 meters os cionn leibhéal na farraige. Tá EGBF in a aitheantóir suímh ICAO.",4,True,True,False,A006,ga,1051,team_b,Airport,6,Bedford_Aerodrome | operatingOrganisation | MotorSport_Vision<br>Bedford_Aerodrome | runwayLength | 1095.0<br>Bedford_Aerodrome | cityServed | Bedford_Autodrome<br>Bedford_Aerodrome | location | Thurleigh<br>Bedford_Aerodrome | icaoLocationIdentifier | EGBF<br>Bedford_Aerodrome | elevationAboveTheSeaLevel | 83.2104,Airport#6,44,"""Tá Aeradróm Bedford suite in Thurleigh, 83.2 méadar os cionn leibhéal na mara. Freastalaíonn an t-aerfort ar Rásraon Carranna Bedford agus oibríonn MotorSport Vision é. Tá an rúidbhealach 1,095 méadar ar fad. Is é an t-aitheantóir láithreach EESI d'Aeradróm Bedford EGBF.""",ref
ga_144,"Tá an t-aerárthach Bedford, a sheirbheálann an chathair Bedford Autodrome, suite i Thurleigh. Tá sé 832104 méadar os cionn leibhéal na farraige agus tá fad an réimbhealach de 1095.0. Is é an t-ainmhínithe suíomh ICAO an eagraíocht oibríochtúil do Aerfort Aeráide Bedford ECF.",3,False,False,True,A008,ga,1051,team_a,Airport,6,Bedford_Aerodrome | operatingOrganisation | MotorSport_Vision<br>Bedford_Aerodrome | runwayLength | 1095.0<br>Bedford_Aerodrome | cityServed | Bedford_Autodrome<br>Bedford_Aerodrome | location | Thurleigh<br>Bedford_Aerodrome | icaoLocationIdentifier | EGBF<br>Bedford_Aerodrome | elevationAboveTheSeaLevel | 83.2104,Airport#6,44,"""Tá Aeradróm Bedford suite in Thurleigh, 83.2 méadar os cionn leibhéal na mara. Freastalaíonn an t-aerfort ar Rásraon Carranna Bedford agus oibríonn MotorSport Vision é. Tá an rúidbhealach 1,095 méadar ar fad. Is é an t-aitheantóir láithreach EESI d'Aeradróm Bedford EGBF.""",ref
ga_344,"""Tá Aeradróm Bedford suite in Thurleigh, 83.2 méadar os cionn leibhéal na mara. Freastalaíonn an t-aerfort ar Rásraon Carranna Bedford agus oibríonn MotorSport Vision é. Tá an rúidbhealach 1,095 méadar ar fad. Is é an t-aitheantóir láithreach EESI d'Aeradróm Bedford EGBF.""",3,True,True,True,A009,ga,1051,refs,Airport,6,Bedford_Aerodrome | operatingOrganisation | MotorSport_Vision<br>Bedford_Aerodrome | runwayLength | 1095.0<br>Bedford_Aerodrome | cityServed | Bedford_Autodrome<br>Bedford_Aerodrome | location | Thurleigh<br>Bedford_Aerodrome | icaoLocationIdentifier | EGBF<br>Bedford_Aerodrome | elevationAboveTheSeaLevel | 83.2104,Airport#6,44,"""Tá Aeradróm Bedford suite in Thurleigh, 83.2 méadar os cionn leibhéal na mara. Freastalaíonn an t-aerfort ar Rásraon Carranna Bedford agus oibríonn MotorSport Vision é. Tá an rúidbhealach 1,095 méadar ar fad. Is é an t-aitheantóir láithreach EESI d'Aeradróm Bedford EGBF.""",ref
ga_44,"Is é MotorSport Vision a reáchtálann Aerfort Bedford, a fhreastalaíonn ar chathair Thurleigh, agus tá fad rúidbhealaigh 1095.0 aige. Is é an aitheantóir suímh ICAO do Aerfort Bedford ná EGBF agus tá sé 83.2104 os cionn leibhéal na mara.",5,False,True,True,A005,ga,1051,team_d,Airport,6,Bedford_Aerodrome | operatingOrganisation | MotorSport_Vision<br>Bedford_Aerodrome | runwayLength | 1095.0<br>Bedford_Aerodrome | cityServed | Bedford_Autodrome<br>Bedford_Aerodrome | location | Thurleigh<br>Bedford_Aerodrome | icaoLocationIdentifier | EGBF<br>Bedford_Aerodrome | elevationAboveTheSeaLevel | 83.2104,Airport#6,44,"""Tá Aeradróm Bedford suite in Thurleigh, 83.2 méadar os cionn leibhéal na mara. Freastalaíonn an t-aerfort ar Rásraon Carranna Bedford agus oibríonn MotorSport Vision é. Tá an rúidbhealach 1,095 méadar ar fad. Is é an t-aitheantóir láithreach EESI d'Aeradróm Bedford EGBF.""",ref
ga_244,Tá Aeradróm Bedford suite i nDurlár agus tá sé á oibriú ag Motorsport Vision. Tá fad rúidbhealaigh 1095.0 méadar aige agus freastalaíonn sé ar chathair Bedford Autodrome. Is é a aitheantóir suíomh ICAO EGBF agus tá sé 83.2104 méadar os cionn leibhéal na farraige.,3,False,False,True,A007,ga,1051,team_g,Airport,6,Bedford_Aerodrome | operatingOrganisation | MotorSport_Vision<br>Bedford_Aerodrome | runwayLength | 1095.0<br>Bedford_Aerodrome | cityServed | Bedford_Autodrome<br>Bedford_Aerodrome | location | Thurleigh<br>Bedford_Aerodrome | icaoLocationIdentifier | EGBF<br>Bedford_Aerodrome | elevationAboveTheSeaLevel | 83.2104,Airport#6,44,"""Tá Aeradróm Bedford suite in Thurleigh, 83.2 méadar os cionn leibhéal na mara. Freastalaíonn an t-aerfort ar Rásraon Carranna Bedford agus oibríonn MotorSport Vision é. Tá an rúidbhealach 1,095 méadar ar fad. Is é an t-aitheantóir láithreach EESI d'Aeradróm Bedford EGBF.""",ref
ga_445,Tá 1.3% dá limistéar clúdaithe ag an Tuirc le huisce.,3,True,True,True,A006,ga,730,team_g,Scientist,1,Turkey | percentageOfAreaWater | 1.3,Scientist#1,45,Is ionann céatadán limistéar na Tuirce a bhfuil uisce ann agus 1.3 faoin gcéad.,ref
ga_145,Is ionann céatadán limistéar na Tuirce a bhfuil uisce ann agus 1.3 faoin gcéad.,4,True,True,True,A008,ga,730,refs,Scientist,1,Turkey | percentageOfAreaWater | 1.3,Scientist#1,45,Is ionann céatadán limistéar na Tuirce a bhfuil uisce ann agus 1.3 faoin gcéad.,ref
ga_345,Tá 1.3 faoin gcéad den Tuirc clúdaithe le huisce.,4,True,True,True,A009,ga,730,team_b,Scientist,1,Turkey | percentageOfAreaWater | 1.3,Scientist#1,45,Is ionann céatadán limistéar na Tuirce a bhfuil uisce ann agus 1.3 faoin gcéad.,ref
ga_45,Tá 1.3 duine de limistéar iomlán uisce sa Tuirc.,4,False,False,True,A005,ga,730,team_a,Scientist,1,Turkey | percentageOfAreaWater | 1.3,Scientist#1,45,Is ionann céatadán limistéar na Tuirce a bhfuil uisce ann agus 1.3 faoin gcéad.,ref
ga_245,Is é céatadán uisce an cheantair sa Tuirc ná 1.3.,4,True,True,True,A007,ga,730,team_d,Scientist,1,Turkey | percentageOfAreaWater | 1.3,Scientist#1,45,Is ionann céatadán limistéar na Tuirce a bhfuil uisce ann agus 1.3 faoin gcéad.,ref
ga_446,"Rugadh Lady Anne Monson, a fuair bás ar 18 Feabhra 1776, i nDarlington agus Ríocht Shasana ar 01 Eanáir 1726. Cónaíonn sí ins An India.",1,True,True,True,A006,ga,384,team_b,Scientist,5,Lady_Anne_Monson | birthPlace | Darlington<br>Lady_Anne_Monson | birthDate | 1726-01-01<br>Lady_Anne_Monson | deathDate | 1776-02-18<br>Lady_Anne_Monson | birthPlace | Kingdom_of_England<br>Lady_Anne_Monson | residence | India,Scientist#5,46,"""Rugadh an Bhantiarna Anne Monson an 1 Eanáir 1726, in Darlington atá suite i Ríocht Shasana. Bhí a háit chónaithe san India agus fuair sí bás níba dhéanaí an 18 Feabhra 1776.""",ref
ga_146,Rugadh Lady Anne Monson i Darlington ar an 1 Eanáir 1726 agus cailleadh ar an 18 Feabhra 1776. Rugadh i Ríocht na Sasana í agus bhí cónaí uirthi san India.,4,True,True,False,A008,ga,384,team_d,Scientist,5,Lady_Anne_Monson | birthPlace | Darlington<br>Lady_Anne_Monson | birthDate | 1726-01-01<br>Lady_Anne_Monson | deathDate | 1776-02-18<br>Lady_Anne_Monson | birthPlace | Kingdom_of_England<br>Lady_Anne_Monson | residence | India,Scientist#5,46,"""Rugadh an Bhantiarna Anne Monson an 1 Eanáir 1726, in Darlington atá suite i Ríocht Shasana. Bhí a háit chónaithe san India agus fuair sí bás níba dhéanaí an 18 Feabhra 1776.""",ref
ga_346,"Rugadh i Darlington, Ríocht Aontaithe, bhí sí ina chónaí san India ar 1 Eanáir 1706. Fuair an tUasal Monson bás ar 18 Feabhra 1776.",2,False,False,True,A009,ga,384,team_a,Scientist,5,Lady_Anne_Monson | birthPlace | Darlington<br>Lady_Anne_Monson | birthDate | 1726-01-01<br>Lady_Anne_Monson | deathDate | 1776-02-18<br>Lady_Anne_Monson | birthPlace | Kingdom_of_England<br>Lady_Anne_Monson | residence | India,Scientist#5,46,"""Rugadh an Bhantiarna Anne Monson an 1 Eanáir 1726, in Darlington atá suite i Ríocht Shasana. Bhí a háit chónaithe san India agus fuair sí bás níba dhéanaí an 18 Feabhra 1776.""",ref
ga_46,"""Rugadh an Bhantiarna Anne Monson an 1 Eanáir 1726, in Darlington atá suite i Ríocht Shasana. Bhí a háit chónaithe san India agus fuair sí bás níba dhéanaí an 18 Feabhra 1776.""",3,True,True,True,A005,ga,384,refs,Scientist,5,Lady_Anne_Monson | birthPlace | Darlington<br>Lady_Anne_Monson | birthDate | 1726-01-01<br>Lady_Anne_Monson | deathDate | 1776-02-18<br>Lady_Anne_Monson | birthPlace | Kingdom_of_England<br>Lady_Anne_Monson | residence | India,Scientist#5,46,"""Rugadh an Bhantiarna Anne Monson an 1 Eanáir 1726, in Darlington atá suite i Ríocht Shasana. Bhí a háit chónaithe san India agus fuair sí bás níba dhéanaí an 18 Feabhra 1776.""",ref
ga_246,"Rugadh an Bhantiarna Anne Monson i Darlington, Ríocht Shasana ar 1 Eanáir 1726 agus bhí cónaí uirthi san India go dtí gur bhásaigh sí ar an 18 Feabhra 1776.",4,True,True,True,A007,ga,384,team_g,Scientist,5,Lady_Anne_Monson | birthPlace | Darlington<br>Lady_Anne_Monson | birthDate | 1726-01-01<br>Lady_Anne_Monson | deathDate | 1776-02-18<br>Lady_Anne_Monson | birthPlace | Kingdom_of_England<br>Lady_Anne_Monson | residence | India,Scientist#5,46,"""Rugadh an Bhantiarna Anne Monson an 1 Eanáir 1726, in Darlington atá suite i Ríocht Shasana. Bhí a háit chónaithe san India agus fuair sí bás níba dhéanaí an 18 Feabhra 1776.""",ref
ga_447,Léirigh The Honeymoon Killers albam punc-ghormacha dar teideal Turn Me On.,5,False,True,True,A006,ga,1778,refs,MusicalWork,2,Turn_Me_On_(album) | genre | Punk_blues<br>Turn_Me_On_(album) | producer | The_Honeymoon_Killers_(American_band),MusicalWork#2,47,Léirigh The Honeymoon Killers albam punc-ghormacha dar teideal Turn Me On.,ref
ga_147,"Is Punk blues é Turn Me On, léirithe ag The Honeymoon Killers.",3,False,True,True,A008,ga,1778,team_b,MusicalWork,2,Turn_Me_On_(album) | genre | Punk_blues<br>Turn_Me_On_(album) | producer | The_Honeymoon_Killers_(American_band),MusicalWork#2,47,Léirigh The Honeymoon Killers albam punc-ghormacha dar teideal Turn Me On.,ref
ga_347,"Is é an banna Meiriceánach The Honeymoon Millers a tháirg an albam Turn Me On, seánra gormacha punc.",2,True,True,True,A009,ga,1778,team_d,MusicalWork,2,Turn_Me_On_(album) | genre | Punk_blues<br>Turn_Me_On_(album) | producer | The_Honeymoon_Killers_(American_band),MusicalWork#2,47,Léirigh The Honeymoon Killers albam punc-ghormacha dar teideal Turn Me On.,ref
ga_47,Is albam punk blues é Turn Me On atá léirithe ag The Honeymoon Killers.,5,True,True,True,A005,ga,1778,team_g,MusicalWork,2,Turn_Me_On_(album) | genre | Punk_blues<br>Turn_Me_On_(album) | producer | The_Honeymoon_Killers_(American_band),MusicalWork#2,47,Léirigh The Honeymoon Killers albam punc-ghormacha dar teideal Turn Me On.,ref
ga_247,"Tá an t-ealaíontóir punk blues, The Honeymoon Killers, ag déanamh an lipéad ceoil, ""Turn Me On"".",4,False,False,True,A007,ga,1778,team_a,MusicalWork,2,Turn_Me_On_(album) | genre | Punk_blues<br>Turn_Me_On_(album) | producer | The_Honeymoon_Killers_(American_band),MusicalWork#2,47,Léirigh The Honeymoon Killers albam punc-ghormacha dar teideal Turn Me On.,ref
ga_448,"Is dáileacháin é Lionsgate Super Capers, ina bhfuil MichaelRooker agus Ray Griggs mar phríomhpháirtithe. Is iad Jon Steinheimer agus Michael R Burns príomhdhuine Lionsgate.",3,False,False,True,A006,ga,1411,team_d,Film,5,Super_Capers | distributor | Lionsgate<br>Lionsgate | keyPerson | Jon_Feltheimer<br>Lionsgate | keyPerson | Michael_R._Burns<br>Super_Capers | starring | Michael_Rooker<br>Super_Capers | director | Ray_Griggs_(director),Film#5,48,"""Tá beirt príomhdhuine ag Lionsgate, dáileoir an scannáin Super Capers: Jon Feltheimer agus Michael R. Burns. Is é Ray Griggs a stiúir Super Capers agus tá príomhpháirt ag Michael Rooker sa scannán..""",ref
ga_148,"Bhí Michael Rooker ina réalta i Super capers, a scaoileadh ag Lionsgate. Is é Ray Griggs an Stiúrthóir.  Is duine lárnach é Michael R Burns ag Lionsgate, áit a bhfuil Jon Feltheimer ina phríomh-phostaí.",3,False,False,True,A008,ga,1411,team_a,Film,5,Super_Capers | distributor | Lionsgate<br>Lionsgate | keyPerson | Jon_Feltheimer<br>Lionsgate | keyPerson | Michael_R._Burns<br>Super_Capers | starring | Michael_Rooker<br>Super_Capers | director | Ray_Griggs_(director),Film#5,48,"""Tá beirt príomhdhuine ag Lionsgate, dáileoir an scannáin Super Capers: Jon Feltheimer agus Michael R. Burns. Is é Ray Griggs a stiúir Super Capers agus tá príomhpháirt ag Michael Rooker sa scannán..""",ref
ga_348,"Dáileadh Super Capers ag Lionsgate, atá faoi cheannas Jon Feltheimer agus Michael R. Burns. Ba é Ray Griggs a stiúraigh agus bhí Michael Rooker ina réalta.",2,True,True,True,A009,ga,1411,team_g,Film,5,Super_Capers | distributor | Lionsgate<br>Lionsgate | keyPerson | Jon_Feltheimer<br>Lionsgate | keyPerson | Michael_R._Burns<br>Super_Capers | starring | Michael_Rooker<br>Super_Capers | director | Ray_Griggs_(director),Film#5,48,"""Tá beirt príomhdhuine ag Lionsgate, dáileoir an scannáin Super Capers: Jon Feltheimer agus Michael R. Burns. Is é Ray Griggs a stiúir Super Capers agus tá príomhpháirt ag Michael Rooker sa scannán..""",ref
ga_48,"Dáileann Lionsgate Super Capers, atá príomhpháirt ann ag Michael Rooker, agus is príomhdhaoine iad Jon Feltheimer agus Michael R. Burns aige. Tá Ray Griggs ina stiúrthóir ar Shuper Capers.",5,True,True,True,A005,ga,1411,team_b,Film,5,Super_Capers | distributor | Lionsgate<br>Lionsgate | keyPerson | Jon_Feltheimer<br>Lionsgate | keyPerson | Michael_R._Burns<br>Super_Capers | starring | Michael_Rooker<br>Super_Capers | director | Ray_Griggs_(director),Film#5,48,"""Tá beirt príomhdhuine ag Lionsgate, dáileoir an scannáin Super Capers: Jon Feltheimer agus Michael R. Burns. Is é Ray Griggs a stiúir Super Capers agus tá príomhpháirt ag Michael Rooker sa scannán..""",ref
ga_248,"""Tá beirt príomhdhuine ag Lionsgate, dáileoir an scannáin Super Capers: Jon Feltheimer agus Michael R. Burns. Is é Ray Griggs a stiúir Super Capers agus tá príomhpháirt ag Michael Rooker sa scannán..""",4,True,True,True,A007,ga,1411,refs,Film,5,Super_Capers | distributor | Lionsgate<br>Lionsgate | keyPerson | Jon_Feltheimer<br>Lionsgate | keyPerson | Michael_R._Burns<br>Super_Capers | starring | Michael_Rooker<br>Super_Capers | director | Ray_Griggs_(director),Film#5,48,"""Tá beirt príomhdhuine ag Lionsgate, dáileoir an scannáin Super Capers: Jon Feltheimer agus Michael R. Burns. Is é Ray Griggs a stiúir Super Capers agus tá príomhpháirt ag Michael Rooker sa scannán..""",ref
ga_449,"Is é an Universal Music Group lipéad taifeadáin an fhoilseachán ceoil rock ""Bootleg Series Volume 1 The Quine Tapes"". Tá sé déanta ag The Velvet Underground agus tá sé roimh Squeeze. Tá sé sínithe le Polydor Records agus tá sé 230.05 ar fhad.",3,True,True,True,A006,ga,1402,team_a,MusicalWork,7,Bootleg_Series_Volume_1:_The_Quine_Tapes | artist | The_Velvet_Underground<br>Bootleg_Series_Volume_1:_The_Quine_Tapes | producer | The_Velvet_Underground<br>Bootleg_Series_Volume_1:_The_Quine_Tapes | runtime | 230.05<br>Bootleg_Series_Volume_1:_The_Quine_Tapes | genre | Rock_music<br>Bootleg_Series_Volume_1:_The_Quine_Tapes | precededBy | Squeeze_(The_Velvet_Underground_album)<br>Bootleg_Series_Volume_1:_The_Quine_Tapes | recordLabel | Polydor_Records<br>Bootleg_Series_Volume_1:_The_Quine_Tapes | recordLabel | Universal_Music_Group,MusicalWork#7,49,"""Taifeadadh The Bootleg Series Volume 1: The Quine Tapes, sa seánra rac-cheoil, arna chruthú agus arna léiriú ag The Velvet Underground le fad reatha 230.05 nóiméad, ar lipéad ceoil Polydor Records agus Universal Music Group. Eisíodh an t-albam Squeeze roimhe.""",ref
ga_149,"Is albam ceoil rac 230.05 nóiméad é Bootleg Series Volume 1: The Quine Tapes le The Velvet Underground, arna léiriú ag an ealaíontóir céanna agus Squeeze (albam The Velvet Underground) roimhe. D'eisigh Polydor Records agus Universal Music Group é.",4,True,True,False,A008,ga,1402,team_g,MusicalWork,7,Bootleg_Series_Volume_1:_The_Quine_Tapes | artist | The_Velvet_Underground<br>Bootleg_Series_Volume_1:_The_Quine_Tapes | producer | The_Velvet_Underground<br>Bootleg_Series_Volume_1:_The_Quine_Tapes | runtime | 230.05<br>Bootleg_Series_Volume_1:_The_Quine_Tapes | genre | Rock_music<br>Bootleg_Series_Volume_1:_The_Quine_Tapes | precededBy | Squeeze_(The_Velvet_Underground_album)<br>Bootleg_Series_Volume_1:_The_Quine_Tapes | recordLabel | Polydor_Records<br>Bootleg_Series_Volume_1:_The_Quine_Tapes | recordLabel | Universal_Music_Group,MusicalWork#7,49,"""Taifeadadh The Bootleg Series Volume 1: The Quine Tapes, sa seánra rac-cheoil, arna chruthú agus arna léiriú ag The Velvet Underground le fad reatha 230.05 nóiméad, ar lipéad ceoil Polydor Records agus Universal Music Group. Eisíodh an t-albam Squeeze roimhe.""",ref
ga_349,"""Taifeadadh The Bootleg Series Volume 1: The Quine Tapes, sa seánra rac-cheoil, arna chruthú agus arna léiriú ag The Velvet Underground le fad reatha 230.05 nóiméad, ar lipéad ceoil Polydor Records agus Universal Music Group. Eisíodh an t-albam Squeeze roimhe.""",2,True,True,True,A009,ga,1402,refs,MusicalWork,7,Bootleg_Series_Volume_1:_The_Quine_Tapes | artist | The_Velvet_Underground<br>Bootleg_Series_Volume_1:_The_Quine_Tapes | producer | The_Velvet_Underground<br>Bootleg_Series_Volume_1:_The_Quine_Tapes | runtime | 230.05<br>Bootleg_Series_Volume_1:_The_Quine_Tapes | genre | Rock_music<br>Bootleg_Series_Volume_1:_The_Quine_Tapes | precededBy | Squeeze_(The_Velvet_Underground_album)<br>Bootleg_Series_Volume_1:_The_Quine_Tapes | recordLabel | Polydor_Records<br>Bootleg_Series_Volume_1:_The_Quine_Tapes | recordLabel | Universal_Music_Group,MusicalWork#7,49,"""Taifeadadh The Bootleg Series Volume 1: The Quine Tapes, sa seánra rac-cheoil, arna chruthú agus arna léiriú ag The Velvet Underground le fad reatha 230.05 nóiméad, ar lipéad ceoil Polydor Records agus Universal Music Group. Eisíodh an t-albam Squeeze roimhe.""",ref
ga_49,"Ba é an ceoltóir The Velvet Underground a rinne an Bootleg Series Volume 1: The Quine Tapes, seánra ceoil roc. Tá rith-am 230.05 aige agus tá sé sínithe leis an lipéad ceoil Polydor Records.",4,True,False,True,A005,ga,1402,team_d,MusicalWork,7,Bootleg_Series_Volume_1:_The_Quine_Tapes | artist | The_Velvet_Underground<br>Bootleg_Series_Volume_1:_The_Quine_Tapes | producer | The_Velvet_Underground<br>Bootleg_Series_Volume_1:_The_Quine_Tapes | runtime | 230.05<br>Bootleg_Series_Volume_1:_The_Quine_Tapes | genre | Rock_music<br>Bootleg_Series_Volume_1:_The_Quine_Tapes | precededBy | Squeeze_(The_Velvet_Underground_album)<br>Bootleg_Series_Volume_1:_The_Quine_Tapes | recordLabel | Polydor_Records<br>Bootleg_Series_Volume_1:_The_Quine_Tapes | recordLabel | Universal_Music_Group,MusicalWork#7,49,"""Taifeadadh The Bootleg Series Volume 1: The Quine Tapes, sa seánra rac-cheoil, arna chruthú agus arna léiriú ag The Velvet Underground le fad reatha 230.05 nóiméad, ar lipéad ceoil Polydor Records agus Universal Music Group. Eisíodh an t-albam Squeeze roimhe.""",ref
ga_249,"Scríobh The Velvet Underground Bootleg Series Volume 1: The Quine Tapes, a léirigh The Velvet Underground. Tá am rite de 230.05 ag Bootleg Series Volume 1: The Quine Tapes agus is Rac-cheol é. Leanann Bootleg Series Volume 1: The Quine Tapes Squeeze. Is iad a lipéad ná Polydor Records agus Universal Music Group.",4,True,True,True,A007,ga,1402,team_b,MusicalWork,7,Bootleg_Series_Volume_1:_The_Quine_Tapes | artist | The_Velvet_Underground<br>Bootleg_Series_Volume_1:_The_Quine_Tapes | producer | The_Velvet_Underground<br>Bootleg_Series_Volume_1:_The_Quine_Tapes | runtime | 230.05<br>Bootleg_Series_Volume_1:_The_Quine_Tapes | genre | Rock_music<br>Bootleg_Series_Volume_1:_The_Quine_Tapes | precededBy | Squeeze_(The_Velvet_Underground_album)<br>Bootleg_Series_Volume_1:_The_Quine_Tapes | recordLabel | Polydor_Records<br>Bootleg_Series_Volume_1:_The_Quine_Tapes | recordLabel | Universal_Music_Group,MusicalWork#7,49,"""Taifeadadh The Bootleg Series Volume 1: The Quine Tapes, sa seánra rac-cheoil, arna chruthú agus arna léiriú ag The Velvet Underground le fad reatha 230.05 nóiméad, ar lipéad ceoil Polydor Records agus Universal Music Group. Eisíodh an t-albam Squeeze roimhe.""",ref
ga_450,"""Is eacnamaí agus matamaiticeoir í Olga Bondareva, a rugadh in Leningrad sa APSS agus fuair sí bás an 9 Nollaig 1991, i gCathair Pheadair.""",4,False,False,True,A006,ga,873,refs,Scientist,5,"Olga_Bondareva | birthPlace | Leningrad,_USSR<br>Olga_Bondareva | deathPlace | Saint_Petersburg<br>Olga_Bondareva | deathDate | 1991-12-09<br>Olga_Bondareva | professionalField | Economics<br>Olga_Bondareva | professionalField | Mathematics",Scientist#5,50,"""Is eacnamaí agus matamaiticeoir í Olga Bondareva, a rugadh in Leningrad sa APSS agus fuair sí bás an 9 Nollaig 1991, i gCathair Pheadair.""",ref
ga_150,"Rugadh Olga Bondareva, a fuair bás i gCathair Pheadair ar 09 Nollaig 1991, i Leningrad, USSR. D'oibrigh sí in Eacnamaíocht agus Matamaitic.",4,True,True,True,A008,ga,873,team_b,Scientist,5,"Olga_Bondareva | birthPlace | Leningrad,_USSR<br>Olga_Bondareva | deathPlace | Saint_Petersburg<br>Olga_Bondareva | deathDate | 1991-12-09<br>Olga_Bondareva | professionalField | Economics<br>Olga_Bondareva | professionalField | Mathematics",Scientist#5,50,"""Is eacnamaí agus matamaiticeoir í Olga Bondareva, a rugadh in Leningrad sa APSS agus fuair sí bás an 9 Nollaig 1991, i gCathair Pheadair.""",ref
ga_350,"Rugadh Olga Bondareva i Leningrad, USSR agus fuair sí bás i St Petersburg ar 9 Nollaig, 1991. Eacnamaí agus matamaiticeoir a bhí inti.",4,True,True,True,A009,ga,873,team_g,Scientist,5,"Olga_Bondareva | birthPlace | Leningrad,_USSR<br>Olga_Bondareva | deathPlace | Saint_Petersburg<br>Olga_Bondareva | deathDate | 1991-12-09<br>Olga_Bondareva | professionalField | Economics<br>Olga_Bondareva | professionalField | Mathematics",Scientist#5,50,"""Is eacnamaí agus matamaiticeoir í Olga Bondareva, a rugadh in Leningrad sa APSS agus fuair sí bás an 9 Nollaig 1991, i gCathair Pheadair.""",ref
ga_50,"Rugadh i Leningrad, Stáit Aontaithe Mheiriceá, agus fuair sé bás i Saint Petersburg ar 9 Nollaig, 1990. D'oibrigh sí sa tionscal na heolaíochta agus bhí baint aici le Matamaitíocht.",3,False,False,True,A005,ga,873,team_a,Scientist,5,"Olga_Bondareva | birthPlace | Leningrad,_USSR<br>Olga_Bondareva | deathPlace | Saint_Petersburg<br>Olga_Bondareva | deathDate | 1991-12-09<br>Olga_Bondareva | professionalField | Economics<br>Olga_Bondareva | professionalField | Mathematics",Scientist#5,50,"""Is eacnamaí agus matamaiticeoir í Olga Bondareva, a rugadh in Leningrad sa APSS agus fuair sí bás an 9 Nollaig 1991, i gCathair Pheadair.""",ref
ga_250,"Rugadh Olga Bondareva i Leningrad na SAE agus cailleadh i Saint Petersburg ar an 9 Nollaig, 1991. Dobair sí i réimsí an gheilleagair agus na matamaitice.",4,False,False,True,A007,ga,873,team_d,Scientist,5,"Olga_Bondareva | birthPlace | Leningrad,_USSR<br>Olga_Bondareva | deathPlace | Saint_Petersburg<br>Olga_Bondareva | deathDate | 1991-12-09<br>Olga_Bondareva | professionalField | Economics<br>Olga_Bondareva | professionalField | Mathematics",Scientist#5,50,"""Is eacnamaí agus matamaiticeoir í Olga Bondareva, a rugadh in Leningrad sa APSS agus fuair sí bás an 9 Nollaig 1991, i gCathair Pheadair.""",ref
ga_451,Ba é an American Locomotive Company a rinne an ALCO RS-3 idir mí Bealtaine 1950 agus mí Lúnasa 1956 agus tá táirgeadh iomlán 1418 aige. Tá sé 17068.8 milliméadar ar fad.,2,False,False,True,A006,ga,1102,team_d,MeanOfTransportation,4,"ALCO_RS-3 | totalProduction | 1418<br>ALCO_RS-3 | buildDate | ""May 1950 - August 1956""<br>ALCO_RS-3 | builder | American_Locomotive_Company<br>ALCO_RS-3 | length | 17068.8 (millimetres)",MeanOfTransportation#4,51,"""Tá fad 17068.8 milliméadar ag an ALCO RS-3 agus táirgeadh é idir Bealtaine 1950 agus Lúnasa 1950. Ba é tógálaí an ALCO RS-3 an American Locomotive Company agus ba é líon iomlán na táirgeachta 1,418.""",ref
ga_151,Rinne an American Locomotive Company 1418 ALCO RS-3 idir Bealtaine 1950 agus Lúnasa 1956. Tá sé 17068.8 milliméadar ar fhad agus rinneadh é a thógáil ag an American Locomotive Company.,4,True,True,False,A008,ga,1102,team_a,MeanOfTransportation,4,"ALCO_RS-3 | totalProduction | 1418<br>ALCO_RS-3 | buildDate | ""May 1950 - August 1956""<br>ALCO_RS-3 | builder | American_Locomotive_Company<br>ALCO_RS-3 | length | 17068.8 (millimetres)",MeanOfTransportation#4,51,"""Tá fad 17068.8 milliméadar ag an ALCO RS-3 agus táirgeadh é idir Bealtaine 1950 agus Lúnasa 1950. Ba é tógálaí an ALCO RS-3 an American Locomotive Company agus ba é líon iomlán na táirgeachta 1,418.""",ref
ga_351,"Rinneadh 1418 ALCO RS-3 san iomlán i May 1950 - August 1956. Rinne American Locomotive Company an ALCO RS-3 agus is é a fhad ná 17,068.8 millimetres.",2,True,True,True,A009,ga,1102,team_b,MeanOfTransportation,4,"ALCO_RS-3 | totalProduction | 1418<br>ALCO_RS-3 | buildDate | ""May 1950 - August 1956""<br>ALCO_RS-3 | builder | American_Locomotive_Company<br>ALCO_RS-3 | length | 17068.8 (millimetres)",MeanOfTransportation#4,51,"""Tá fad 17068.8 milliméadar ag an ALCO RS-3 agus táirgeadh é idir Bealtaine 1950 agus Lúnasa 1950. Ba é tógálaí an ALCO RS-3 an American Locomotive Company agus ba é líon iomlán na táirgeachta 1,418.""",ref
ga_51,"""Tá fad 17068.8 milliméadar ag an ALCO RS-3 agus táirgeadh é idir Bealtaine 1950 agus Lúnasa 1950. Ba é tógálaí an ALCO RS-3 an American Locomotive Company agus ba é líon iomlán na táirgeachta 1,418.""",5,True,True,True,A005,ga,1102,refs,MeanOfTransportation,4,"ALCO_RS-3 | totalProduction | 1418<br>ALCO_RS-3 | buildDate | ""May 1950 - August 1956""<br>ALCO_RS-3 | builder | American_Locomotive_Company<br>ALCO_RS-3 | length | 17068.8 (millimetres)",MeanOfTransportation#4,51,"""Tá fad 17068.8 milliméadar ag an ALCO RS-3 agus táirgeadh é idir Bealtaine 1950 agus Lúnasa 1950. Ba é tógálaí an ALCO RS-3 an American Locomotive Company agus ba é líon iomlán na táirgeachta 1,418.""",ref
ga_251,"Tógadh an ALCO RS-3 ag Cuideachta Locomotive Mheiriceá idir Bealtaine 1950 agus Lúnasa 1956, le táirgeadh iomlán de 1418. Tá sé 17068.8 milliméadar ar fad.",3,True,True,True,A007,ga,1102,team_g,MeanOfTransportation,4,"ALCO_RS-3 | totalProduction | 1418<br>ALCO_RS-3 | buildDate | ""May 1950 - August 1956""<br>ALCO_RS-3 | builder | American_Locomotive_Company<br>ALCO_RS-3 | length | 17068.8 (millimetres)",MeanOfTransportation#4,51,"""Tá fad 17068.8 milliméadar ag an ALCO RS-3 agus táirgeadh é idir Bealtaine 1950 agus Lúnasa 1950. Ba é tógálaí an ALCO RS-3 an American Locomotive Company agus ba é líon iomlán na táirgeachta 1,418.""",ref
ga_452,"Feidhmíonn Bedford Aerodrome, lonnaithe i dThurleigh, do Bhedford Autodrome.",1,False,False,True,A006,ga,1474,team_b,Airport,2,Bedford_Aerodrome | cityServed | Bedford_Autodrome<br>Bedford_Aerodrome | location | Thurleigh,Airport#2,52,Is í an áit ar a bhfreastalaítear ag Aeradróm Bedford in Thurleigh ná Rásraon Carranna Bedford.,ref
ga_152,Tá Aerfort Bedford suite i Thurleigh agus freastalaíonn sé ar Autodrome Bedford.,5,False,False,True,A008,ga,1474,team_d,Airport,2,Bedford_Aerodrome | cityServed | Bedford_Autodrome<br>Bedford_Aerodrome | location | Thurleigh,Airport#2,52,Is í an áit ar a bhfreastalaítear ag Aeradróm Bedford in Thurleigh ná Rásraon Carranna Bedford.,ref
ga_352,Is í an áit ar a bhfreastalaítear ag Aeradróm Bedford in Thurleigh ná Rásraon Carranna Bedford.,2,True,True,True,A009,ga,1474,refs,Airport,2,Bedford_Aerodrome | cityServed | Bedford_Autodrome<br>Bedford_Aerodrome | location | Thurleigh,Airport#2,52,Is í an áit ar a bhfreastalaítear ag Aeradróm Bedford in Thurleigh ná Rásraon Carranna Bedford.,ref
ga_52,Freastalaíonn Aeradróm Bedford ar chathair Bedford Autodrome agus tá sé suite i nDurleigh.,5,True,True,False,A005,ga,1474,team_g,Airport,2,Bedford_Aerodrome | cityServed | Bedford_Autodrome<br>Bedford_Aerodrome | location | Thurleigh,Airport#2,52,Is í an áit ar a bhfreastalaítear ag Aeradróm Bedford in Thurleigh ná Rásraon Carranna Bedford.,ref
ga_252,"Tá an t-aerárthach Bedford, atá suite i Thurleigh, ag freastal ar chathair Bedford Autodrome.",5,False,False,True,A007,ga,1474,team_a,Airport,2,Bedford_Aerodrome | cityServed | Bedford_Autodrome<br>Bedford_Aerodrome | location | Thurleigh,Airport#2,52,Is í an áit ar a bhfreastalaítear ag Aeradróm Bedford in Thurleigh ná Rásraon Carranna Bedford.,ref
ga_453,Rugadh Liselotte Grschebina i Karlsruhe ar 2 Bealtaine 1908 agus fuair sé bás ar 14 Iúil 1994.,5,True,True,True,A006,ga,1404,team_a,Artist,3,Liselotte_Grschebina | birthPlace | Karlsruhe<br>Liselotte_Grschebina | birthDate | 1908-05-02<br>Liselotte_Grschebina | deathDate | 1994-06-14,Artist#3,53,"""Rugadh Liselotte Grschebina in Karlsruhe an 2 Bealtaine 1908, agus fuair sí bás an 14 Meitheamh 1994.""",ref
ga_153,Rugadh Liselotte Grschebina i Karlsruhe ar 2 Bealtaine 1908 agus d'éag 14 Meitheamh 1994.,4,True,True,True,A008,ga,1404,team_g,Artist,3,Liselotte_Grschebina | birthPlace | Karlsruhe<br>Liselotte_Grschebina | birthDate | 1908-05-02<br>Liselotte_Grschebina | deathDate | 1994-06-14,Artist#3,53,"""Rugadh Liselotte Grschebina in Karlsruhe an 2 Bealtaine 1908, agus fuair sí bás an 14 Meitheamh 1994.""",ref
ga_353,Rugadh Liselotte Gorschebina i Karlsruhe ar an 1908-05-02 agus cailleadh ar an 14 Meitheamh 1994.,4,True,True,True,A009,ga,1404,team_d,Artist,3,Liselotte_Grschebina | birthPlace | Karlsruhe<br>Liselotte_Grschebina | birthDate | 1908-05-02<br>Liselotte_Grschebina | deathDate | 1994-06-14,Artist#3,53,"""Rugadh Liselotte Grschebina in Karlsruhe an 2 Bealtaine 1908, agus fuair sí bás an 14 Meitheamh 1994.""",ref
ga_53,"Rugadh Liselotte Grschebina, a fuair bás ar 14 Meitheamh 1994, i Karlsruhe ar 02 Bealtaine 1908.",3,True,True,True,A005,ga,1404,team_b,Artist,3,Liselotte_Grschebina | birthPlace | Karlsruhe<br>Liselotte_Grschebina | birthDate | 1908-05-02<br>Liselotte_Grschebina | deathDate | 1994-06-14,Artist#3,53,"""Rugadh Liselotte Grschebina in Karlsruhe an 2 Bealtaine 1908, agus fuair sí bás an 14 Meitheamh 1994.""",ref
ga_253,"""Rugadh Liselotte Grschebina in Karlsruhe an 2 Bealtaine 1908, agus fuair sí bás an 14 Meitheamh 1994.""",5,True,True,True,A007,ga,1404,refs,Artist,3,Liselotte_Grschebina | birthPlace | Karlsruhe<br>Liselotte_Grschebina | birthDate | 1908-05-02<br>Liselotte_Grschebina | deathDate | 1994-06-14,Artist#3,53,"""Rugadh Liselotte Grschebina in Karlsruhe an 2 Bealtaine 1908, agus fuair sí bás an 14 Meitheamh 1994.""",ref
ga_454,"Tá cónaí ar Nurhan Atasoy in Iostanbúl, an Tuirc, ar stát aonadach é.",3,False,True,True,A006,ga,156,team_g,Scientist,3,Nurhan_Atasoy | residence | Istanbul<br>Turkey | governmentType | Unitary_state<br>Nurhan_Atasoy | residence | Turkey,Scientist#3,54,"""Cónaíonn Nurhan Atasoy i stát aonadach na Tuirce, in Iostanbúl go sonrach.""",ref
ga_154,"""Cónaíonn Nurhan Atasoy i stát aonadach na Tuirce, in Iostanbúl go sonrach.""",5,True,True,True,A008,ga,156,refs,Scientist,3,Nurhan_Atasoy | residence | Istanbul<br>Turkey | governmentType | Unitary_state<br>Nurhan_Atasoy | residence | Turkey,Scientist#3,54,"""Cónaíonn Nurhan Atasoy i stát aonadach na Tuirce, in Iostanbúl go sonrach.""",ref
ga_354,"Tá Nurhan Atasoy ina chónaí i Istanbul, an Tuirc.  Is stát eitneach é an Tuirc.",3,True,True,True,A009,ga,156,team_a,Scientist,3,Nurhan_Atasoy | residence | Istanbul<br>Turkey | governmentType | Unitary_state<br>Nurhan_Atasoy | residence | Turkey,Scientist#3,54,"""Cónaíonn Nurhan Atasoy i stát aonadach na Tuirce, in Iostanbúl go sonrach.""",ref
ga_54,"Is cónaí ar Nurhan Atasoy in Iostanbúl na Tuirce, a rialaíonn an stát aontachta.",4,True,True,True,A005,ga,156,team_d,Scientist,3,Nurhan_Atasoy | residence | Istanbul<br>Turkey | governmentType | Unitary_state<br>Nurhan_Atasoy | residence | Turkey,Scientist#3,54,"""Cónaíonn Nurhan Atasoy i stát aonadach na Tuirce, in Iostanbúl go sonrach.""",ref
ga_254,Cónaíonn Nurhan Atasoy in Iostanbúl agus An Tuirc. Rialaíonn an unitary state An Tuirc.,5,True,True,True,A007,ga,156,team_b,Scientist,3,Nurhan_Atasoy | residence | Istanbul<br>Turkey | governmentType | Unitary_state<br>Nurhan_Atasoy | residence | Turkey,Scientist#3,54,"""Cónaíonn Nurhan Atasoy i stát aonadach na Tuirce, in Iostanbúl go sonrach.""",ref
ga_455,"Rinne an fhoireann léiriúcháin Espionage Mermaid, amhrán leis an mbanna Train, agus ina dhiaidh sin Imagine le John Lennon, a bhí deimhnithe ag FIMI.",2,False,False,True,A006,ga,1673,team_g,MusicalWork,4,Mermaid_(Train_song) | musicalBand | Train_(band)<br>Mermaid_(Train_song) | producer | Espionage_(production_team)<br>Mermaid_(Train_song) | followedBy | Imagine_(John_Lennon_song)<br>Imagine_(John_Lennon_song) | certification | FIMI,MusicalWork#4,55,Scríobh an banna Train an t-amhrán Mermaid agus léirigh an fhoireann léiriúcháin Espionage é. Eisíodh leagan an bhanna den amhrán Imagine le John Lennon tar éis an amhráin. Ghnóthaigh an t-amhrán bunaidh Imagine le John Lennon deimhniú FIMI.,ref
ga_155,Is é Team Táirgeála Spíonála (Singeáil Tráine) a tháirg Mermaid (Canann John Leonard) agus lean Imagine (Canann John Leonard) a bhí deimhnithe ag an FIMI.,1,False,False,False,A008,ga,1673,team_d,MusicalWork,4,Mermaid_(Train_song) | musicalBand | Train_(band)<br>Mermaid_(Train_song) | producer | Espionage_(production_team)<br>Mermaid_(Train_song) | followedBy | Imagine_(John_Lennon_song)<br>Imagine_(John_Lennon_song) | certification | FIMI,MusicalWork#4,55,Scríobh an banna Train an t-amhrán Mermaid agus léirigh an fhoireann léiriúcháin Espionage é. Eisíodh leagan an bhanna den amhrán Imagine le John Lennon tar éis an amhráin. Ghnóthaigh an t-amhrán bunaidh Imagine le John Lennon deimhniú FIMI.,ref
ga_355,Scríobh an banna Train an t-amhrán Mermaid agus léirigh an fhoireann léiriúcháin Espionage é. Eisíodh leagan an bhanna den amhrán Imagine le John Lennon tar éis an amhráin. Ghnóthaigh an t-amhrán bunaidh Imagine le John Lennon deimhniú FIMI.,2,True,True,True,A009,ga,1673,refs,MusicalWork,4,Mermaid_(Train_song) | musicalBand | Train_(band)<br>Mermaid_(Train_song) | producer | Espionage_(production_team)<br>Mermaid_(Train_song) | followedBy | Imagine_(John_Lennon_song)<br>Imagine_(John_Lennon_song) | certification | FIMI,MusicalWork#4,55,Scríobh an banna Train an t-amhrán Mermaid agus léirigh an fhoireann léiriúcháin Espionage é. Eisíodh leagan an bhanna den amhrán Imagine le John Lennon tar éis an amhráin. Ghnóthaigh an t-amhrán bunaidh Imagine le John Lennon deimhniú FIMI.,ref
ga_55,"Chum Traein Maighdean mhara, a léirigh Spiaireacht. Leanann Imagine, dheimhnigh ag FIMI, Maighdean mhara.",3,True,True,True,A005,ga,1673,team_b,MusicalWork,4,Mermaid_(Train_song) | musicalBand | Train_(band)<br>Mermaid_(Train_song) | producer | Espionage_(production_team)<br>Mermaid_(Train_song) | followedBy | Imagine_(John_Lennon_song)<br>Imagine_(John_Lennon_song) | certification | FIMI,MusicalWork#4,55,Scríobh an banna Train an t-amhrán Mermaid agus léirigh an fhoireann léiriúcháin Espionage é. Eisíodh leagan an bhanna den amhrán Imagine le John Lennon tar éis an amhráin. Ghnóthaigh an t-amhrán bunaidh Imagine le John Lennon deimhniú FIMI.,ref
ga_255,Is é an fhoireann táirgeachta Espionage an t-aisteoir de Mermaid (an chineáil ceoil) a tháinig ina dhiaidh sin le Imagine.  Is é FIMI an cód taifeadáin do Imagine (an t-amhrán John Lennon).,4,False,False,True,A007,ga,1673,team_a,MusicalWork,4,Mermaid_(Train_song) | musicalBand | Train_(band)<br>Mermaid_(Train_song) | producer | Espionage_(production_team)<br>Mermaid_(Train_song) | followedBy | Imagine_(John_Lennon_song)<br>Imagine_(John_Lennon_song) | certification | FIMI,MusicalWork#4,55,Scríobh an banna Train an t-amhrán Mermaid agus léirigh an fhoireann léiriúcháin Espionage é. Eisíodh leagan an bhanna den amhrán Imagine le John Lennon tar éis an amhráin. Ghnóthaigh an t-amhrán bunaidh Imagine le John Lennon deimhniú FIMI.,ref
ga_456,"Reáchtálann ENAIRE, a fheidhmíonn do Mhaidrid, an Adolfo Suárez Madrid–Barajas Airport, atá 610 meters os cionn leibhéal na farraige. Is é fad an rúidbhealaigh d'Adolfo Suárez Madrid–Barajas Airport ná 3,500 troigh.",4,True,True,True,A006,ga,1337,team_b,Airport,4,Adolfo_Suárez_Madrid–Barajas_Airport | operatingOrganisation | ENAIRE<br>ENAIRE | city | Madrid<br>Adolfo_Suárez_Madrid–Barajas_Airport | runwayLength | 3500.0<br>Adolfo_Suárez_Madrid–Barajas_Airport | elevationAboveTheSeaLevel | 610.0,Airport#4,56,"""Oibrítear Aerfort Adolfo Suarez Mhaidrid-Barajas ag ENAIRE i Maidrid, tá rúidbhealach 3,500 ar fad aige agus tá sé 610.0 méadar os cionn leibhéal na mara.""",ref
ga_156,"Tá Aerfort Adolfo Suárez Maidrid-Barajas á oibriú ag ENAIRE, atá lonnaithe i Maidrid. Is é fad an rúidbhealaigh ná 3500.0 méadar agus is é 610.0 méadar an t-ingearchló os cionn leibhéal na farraige.",5,True,False,True,A008,ga,1337,team_g,Airport,4,Adolfo_Suárez_Madrid–Barajas_Airport | operatingOrganisation | ENAIRE<br>ENAIRE | city | Madrid<br>Adolfo_Suárez_Madrid–Barajas_Airport | runwayLength | 3500.0<br>Adolfo_Suárez_Madrid–Barajas_Airport | elevationAboveTheSeaLevel | 610.0,Airport#4,56,"""Oibrítear Aerfort Adolfo Suarez Mhaidrid-Barajas ag ENAIRE i Maidrid, tá rúidbhealach 3,500 ar fad aige agus tá sé 610.0 méadar os cionn leibhéal na mara.""",ref
ga_356,"Is é ENAIRE, atá lonnaithe i Madrid, a reáchtálann Aerfort Adolfo Suarez Madrid-Barajas. Tá fad rúidbhealaigh 3500.0 aige agus tá sé 610.0 méadar os cionn leibhéal na mara.",3,True,True,True,A009,ga,1337,team_d,Airport,4,Adolfo_Suárez_Madrid–Barajas_Airport | operatingOrganisation | ENAIRE<br>ENAIRE | city | Madrid<br>Adolfo_Suárez_Madrid–Barajas_Airport | runwayLength | 3500.0<br>Adolfo_Suárez_Madrid–Barajas_Airport | elevationAboveTheSeaLevel | 610.0,Airport#4,56,"""Oibrítear Aerfort Adolfo Suarez Mhaidrid-Barajas ag ENAIRE i Maidrid, tá rúidbhealach 3,500 ar fad aige agus tá sé 610.0 méadar os cionn leibhéal na mara.""",ref
ga_56,Is é ENAIRE an eagraíocht oibríochtúil don Aerfort Adolfo Suarez Madrid-Barajas atá suite 610 méadar os cionn leibhéal na farraige agus tá fad an réimbhealach de 3500.  Tá ENAIRE suite i Madrid.,5,True,True,True,A005,ga,1337,team_a,Airport,4,Adolfo_Suárez_Madrid–Barajas_Airport | operatingOrganisation | ENAIRE<br>ENAIRE | city | Madrid<br>Adolfo_Suárez_Madrid–Barajas_Airport | runwayLength | 3500.0<br>Adolfo_Suárez_Madrid–Barajas_Airport | elevationAboveTheSeaLevel | 610.0,Airport#4,56,"""Oibrítear Aerfort Adolfo Suarez Mhaidrid-Barajas ag ENAIRE i Maidrid, tá rúidbhealach 3,500 ar fad aige agus tá sé 610.0 méadar os cionn leibhéal na mara.""",ref
ga_256,"""Oibrítear Aerfort Adolfo Suarez Mhaidrid-Barajas ag ENAIRE i Maidrid, tá rúidbhealach 3,500 ar fad aige agus tá sé 610.0 méadar os cionn leibhéal na mara.""",3,True,True,True,A007,ga,1337,refs,Airport,4,Adolfo_Suárez_Madrid–Barajas_Airport | operatingOrganisation | ENAIRE<br>ENAIRE | city | Madrid<br>Adolfo_Suárez_Madrid–Barajas_Airport | runwayLength | 3500.0<br>Adolfo_Suárez_Madrid–Barajas_Airport | elevationAboveTheSeaLevel | 610.0,Airport#4,56,"""Oibrítear Aerfort Adolfo Suarez Mhaidrid-Barajas ag ENAIRE i Maidrid, tá rúidbhealach 3,500 ar fad aige agus tá sé 610.0 méadar os cionn leibhéal na mara.""",ref
ga_457,Ba é apoapsas 1147 Stavropolis ná 418476000000.0 agus cuireadh ar fáil ar an 11 Meitheamh 1929.,3,False,False,True,A006,ga,781,team_d,CelestialBody,2,1147_Stavropolis | apoapsis | 418476000000.0<br>1147_Stavropolis | discovered | 1929-06-11,CelestialBody#2,57,Aimsíodh 1147 Stavropolis an 11 Meitheamh 1929 agus is astaróideach é ag a bhfuil apaipsis de 418476000000.0.,ref
ga_157,Aimsíodh 1147 Stavropolis an 11 Meitheamh 1929 agus is astaróideach é ag a bhfuil apaipsis de 418476000000.0.,5,True,False,True,A008,ga,781,refs,CelestialBody,2,1147_Stavropolis | apoapsis | 418476000000.0<br>1147_Stavropolis | discovered | 1929-06-11,CelestialBody#2,57,Aimsíodh 1147 Stavropolis an 11 Meitheamh 1929 agus is astaróideach é ag a bhfuil apaipsis de 418476000000.0.,ref
ga_357,Tá apopsis ag 1147 Stavropolis de 418476000000.0 agus fuair sé amach ar 11 Iúil 1929.,1,True,True,True,A009,ga,781,team_a,CelestialBody,2,1147_Stavropolis | apoapsis | 418476000000.0<br>1147_Stavropolis | discovered | 1929-06-11,CelestialBody#2,57,Aimsíodh 1147 Stavropolis an 11 Meitheamh 1929 agus is astaróideach é ag a bhfuil apaipsis de 418476000000.0.,ref
ga_57,"Thángthas ar 1147 Stavropolis ar an 11 Meitheamh, 1929 agus tá apoapsis de 418,476,000,000.0 ann.",3,True,True,True,A005,ga,781,team_g,CelestialBody,2,1147_Stavropolis | apoapsis | 418476000000.0<br>1147_Stavropolis | discovered | 1929-06-11,CelestialBody#2,57,Aimsíodh 1147 Stavropolis an 11 Meitheamh 1929 agus is astaróideach é ag a bhfuil apaipsis de 418476000000.0.,ref
ga_257,"Is é apaisis 1147 Stavropolis, a aimsíodh ar 11 Meitheamh 1929, ná 418,476,000,000.",5,True,True,True,A007,ga,781,team_b,CelestialBody,2,1147_Stavropolis | apoapsis | 418476000000.0<br>1147_Stavropolis | discovered | 1929-06-11,CelestialBody#2,57,Aimsíodh 1147 Stavropolis an 11 Meitheamh 1929 agus is astaróideach é ag a bhfuil apaipsis de 418476000000.0.,ref
ga_458,Tá dlús daonra ag Ciudad Ayala de 1604.0 agus tá an rialtóir ina stiúrthóir. Tá an UTC offset de 6.,3,False,False,True,A006,ga,1652,team_a,City,3,Ciudad_Ayala | populationDensity | 1604.0<br>Ciudad_Ayala | utcOffset | −6<br>Ciudad_Ayala | leaderTitle | Governator,City#3,58,"""In Ciudad Ayala,is é an dlús daonra is 1604.0, is é an cúiteamh AUL -6, agus tugtar an gobharnóir ar an gceannaire.""",ref
ga_158,"Is é an dlús daonra de Chiudad Ayala, atá fritháireamh UTC de −6 aige, ná 1,604. Rialaíonn an Gobharnóir Ciudad Ayala.",2,True,True,False,A008,ga,1652,team_b,City,3,Ciudad_Ayala | populationDensity | 1604.0<br>Ciudad_Ayala | utcOffset | −6<br>Ciudad_Ayala | leaderTitle | Governator,City#3,58,"""In Ciudad Ayala,is é an dlús daonra is 1604.0, is é an cúiteamh AUL -6, agus tugtar an gobharnóir ar an gceannaire.""",ref
ga_358,Tá dlús daonra 1604.0 ag Ciudad Ayala agus tá sé suite i gcrios ama UTC -6. Gobharnóir is teideal dá cheannaire.,3,True,True,True,A009,ga,1652,team_g,City,3,Ciudad_Ayala | populationDensity | 1604.0<br>Ciudad_Ayala | utcOffset | −6<br>Ciudad_Ayala | leaderTitle | Governator,City#3,58,"""In Ciudad Ayala,is é an dlús daonra is 1604.0, is é an cúiteamh AUL -6, agus tugtar an gobharnóir ar an gceannaire.""",ref
ga_58,"""In Ciudad Ayala,is é an dlús daonra is 1604.0, is é an cúiteamh AUL -6, agus tugtar an gobharnóir ar an gceannaire.""",3,True,True,True,A005,ga,1652,refs,City,3,Ciudad_Ayala | populationDensity | 1604.0<br>Ciudad_Ayala | utcOffset | −6<br>Ciudad_Ayala | leaderTitle | Governator,City#3,58,"""In Ciudad Ayala,is é an dlús daonra is 1604.0, is é an cúiteamh AUL -6, agus tugtar an gobharnóir ar an gceannaire.""",ref
ga_258,Tá dlús daonra 1604.0 ag Ciudad Ayala agus tá an cúiteamh utic aige 6. Is é ceannaire Ciudad Ayala ná an Riarthóir.,3,False,False,True,A007,ga,1652,team_d,City,3,Ciudad_Ayala | populationDensity | 1604.0<br>Ciudad_Ayala | utcOffset | −6<br>Ciudad_Ayala | leaderTitle | Governator,City#3,58,"""In Ciudad Ayala,is é an dlús daonra is 1604.0, is é an cúiteamh AUL -6, agus tugtar an gobharnóir ar an gceannaire.""",ref
ga_459,Is scannán é Super Capers ina bhfuil príomhpháirt ag Tom Lister Jr.,5,True,True,True,A006,ga,1577,refs,Film,1,"Super_Capers | starring | Tom_Lister,_Jr.",Film#1,59,Is scannán é Super Capers ina bhfuil príomhpháirt ag Tom Lister Jr.,ref
ga_159,Tomlister Jr. réaltaí i Super capers.,1,True,True,True,A008,ga,1577,team_a,Film,1,"Super_Capers | starring | Tom_Lister,_Jr.",Film#1,59,Is scannán é Super Capers ina bhfuil príomhpháirt ag Tom Lister Jr.,ref
ga_359,"Tá príomhpháirt i Super Capers ag Tom Lister, Jr.",3,True,True,True,A009,ga,1577,team_b,Film,1,"Super_Capers | starring | Tom_Lister,_Jr.",Film#1,59,Is scannán é Super Capers ina bhfuil príomhpháirt ag Tom Lister Jr.,ref
ga_59,"Is iad na Super Capers ina phríomhpháirtí, Tom Lister Jr.",3,False,True,True,A005,ga,1577,team_d,Film,1,"Super_Capers | starring | Tom_Lister,_Jr.",Film#1,59,Is scannán é Super Capers ina bhfuil príomhpháirt ag Tom Lister Jr.,ref
ga_259,"Is iad Tom Lister, Jr. na réaltaí sa scannán Super Capers.",4,True,False,True,A007,ga,1577,team_g,Film,1,"Super_Capers | starring | Tom_Lister,_Jr.",Film#1,59,Is scannán é Super Capers ina bhfuil príomhpháirt ag Tom Lister Jr.,ref
ga_460,"Tá 0004319 ina aitheantóir IMDb ar MhcVeagh of the South Seas, a scríobh Harry Carey.",2,False,False,True,A006,ga,719,team_b,Film,2,McVeagh_of_the_South_Seas | imdbId | 0004319<br>McVeagh_of_the_South_Seas | writer | Harry_Carey_(actor_born_1878),Film#2,60,Scríobh Harry Carey (aisteoir a rugadh i 1878) McVeagh of the South Seas lena mbaineann ID IMBd 0004319.,ref
ga_160,Scríobh Harry Carey (aisteoir a rugadh 1878) McVeagh of the South Seas agus tá ID IMDB de 0004319 aige.,4,True,True,True,A008,ga,719,team_g,Film,2,McVeagh_of_the_South_Seas | imdbId | 0004319<br>McVeagh_of_the_South_Seas | writer | Harry_Carey_(actor_born_1878),Film#2,60,Scríobh Harry Carey (aisteoir a rugadh i 1878) McVeagh of the South Seas lena mbaineann ID IMBd 0004319.,ref
ga_360,Scríobh Harry Carey (aisteoir a rugadh i 1878) McVeagh of the South Seas lena mbaineann ID IMBd 0004319.,2,True,True,True,A009,ga,719,refs,Film,2,McVeagh_of_the_South_Seas | imdbId | 0004319<br>McVeagh_of_the_South_Seas | writer | Harry_Carey_(actor_born_1878),Film#2,60,Scríobh Harry Carey (aisteoir a rugadh i 1878) McVeagh of the South Seas lena mbaineann ID IMBd 0004319.,ref
ga_60,Scríobh Harry Carey (ar rugadh i 188) McVeagh na Maraí Theas agus tá imdbid 0004319 aige.,3,True,True,True,A005,ga,719,team_d,Film,2,McVeagh_of_the_South_Seas | imdbId | 0004319<br>McVeagh_of_the_South_Seas | writer | Harry_Carey_(actor_born_1878),Film#2,60,Scríobh Harry Carey (aisteoir a rugadh i 1878) McVeagh of the South Seas lena mbaineann ID IMBd 0004319.,ref
ga_260,"Is é Harry Carey an t-údar de McVeagh of the South Seas, a bhfuil uimhir ISSN aige 0004349.",4,False,False,True,A007,ga,719,team_a,Film,2,McVeagh_of_the_South_Seas | imdbId | 0004319<br>McVeagh_of_the_South_Seas | writer | Harry_Carey_(actor_born_1878),Film#2,60,Scríobh Harry Carey (aisteoir a rugadh i 1878) McVeagh of the South Seas lena mbaineann ID IMBd 0004319.,ref
ga_461,"""Is gairmí é Brandon Carter, a rugadh an 1 Eanáir 1942, i réimse na Coibhneasachta Ginearálta. Ba é Dennis William Sciama a chomhairleoir dochtúireachta.""",2,True,True,True,A006,ga,1520,refs,Scientist,3,Brandon_Carter | professionalField | General_relativity<br>Brandon_Carter | doctoralAdvisor | Dennis_William_Sciama<br>Brandon_Carter | birthDate | 1942-01-01,Scientist#3,61,"""Is gairmí é Brandon Carter, a rugadh an 1 Eanáir 1942, i réimse na Coibhneasachta Ginearálta. Ba é Dennis William Sciama a chomhairleoir dochtúireachta.""",ref
ga_161,"Rugadh Brandon Carter ar 1 Eanáir, 1941 agus d'oibrigh sé mar phiolóta feidhmiúcháin ginearálta. Is comhairleoir dochtúireachta é Dennis William Sciama.",4,False,False,True,A008,ga,1520,team_a,Scientist,3,Brandon_Carter | professionalField | General_relativity<br>Brandon_Carter | doctoralAdvisor | Dennis_William_Sciama<br>Brandon_Carter | birthDate | 1942-01-01,Scientist#3,61,"""Is gairmí é Brandon Carter, a rugadh an 1 Eanáir 1942, i réimse na Coibhneasachta Ginearálta. Ba é Dennis William Sciama a chomhairleoir dochtúireachta.""",ref
ga_361,Is gairmí é Brandon Carter i réimse na Coibhneasachta Ginearálta agus rugadh é ar 1 Eanáir 1942. Ba é Dennis William Sciama a chomhairleoir dochtúireachta.,3,True,True,True,A009,ga,1520,team_g,Scientist,3,Brandon_Carter | professionalField | General_relativity<br>Brandon_Carter | doctoralAdvisor | Dennis_William_Sciama<br>Brandon_Carter | birthDate | 1942-01-01,Scientist#3,61,"""Is gairmí é Brandon Carter, a rugadh an 1 Eanáir 1942, i réimse na Coibhneasachta Ginearálta. Ba é Dennis William Sciama a chomhairleoir dochtúireachta.""",ref
ga_61,"D'oibrigh Brandon Carter, a bhí Dennis William Sciama ina chomhairleoir dochtúireachta aige, i dTeoiric ghinearálta na coibhneasachta. Rugadh é ar 01 Eanáir 1942.",5,True,True,True,A005,ga,1520,team_b,Scientist,3,Brandon_Carter | professionalField | General_relativity<br>Brandon_Carter | doctoralAdvisor | Dennis_William_Sciama<br>Brandon_Carter | birthDate | 1942-01-01,Scientist#3,61,"""Is gairmí é Brandon Carter, a rugadh an 1 Eanáir 1942, i réimse na Coibhneasachta Ginearálta. Ba é Dennis William Sciama a chomhairleoir dochtúireachta.""",ref
ga_261,Rugadh Brandon Carter ar an 1 Eanáir 1942 agus is comhairleoir dochtúireachta i gCeanchas Comhghiniúlachta Dennis William Scala aige.,4,False,False,True,A007,ga,1520,team_d,Scientist,3,Brandon_Carter | professionalField | General_relativity<br>Brandon_Carter | doctoralAdvisor | Dennis_William_Sciama<br>Brandon_Carter | birthDate | 1942-01-01,Scientist#3,61,"""Is gairmí é Brandon Carter, a rugadh an 1 Eanáir 1942, i réimse na Coibhneasachta Ginearálta. Ba é Dennis William Sciama a chomhairleoir dochtúireachta.""",ref
ga_462,Tháinig 1969 ina dhiaidh Squeeze: The Velvet Underground Live.,5,True,True,True,A006,ga,87,team_d,MusicalWork,1,Squeeze_(The_Velvet_Underground_album) | followedBy | 1969:_The_Velvet_Underground_Live,MusicalWork#1,62,Tháinig an t-albam 1969: The Velvet Underground Live tar éis Squeeze.,ref
ga_162,Tháinig an t-albam 1969: The Velvet Underground Live tar éis Squeeze.,5,True,True,True,A008,ga,87,refs,MusicalWork,1,Squeeze_(The_Velvet_Underground_album) | followedBy | 1969:_The_Velvet_Underground_Live,MusicalWork#1,62,Tháinig an t-albam 1969: The Velvet Underground Live tar éis Squeeze.,ref
ga_362,Leanann 1969: The Velvet Underground Live Squeeze.,2,True,True,True,A009,ga,87,team_b,MusicalWork,1,Squeeze_(The_Velvet_Underground_album) | followedBy | 1969:_The_Velvet_Underground_Live,MusicalWork#1,62,Tháinig an t-albam 1969: The Velvet Underground Live tar éis Squeeze.,ref
ga_62,Lean an Squeeze (an lipéad Velvet Underground) ar 1969: The Velvet Underground Live.,3,True,True,True,A005,ga,87,team_a,MusicalWork,1,Squeeze_(The_Velvet_Underground_album) | followedBy | 1969:_The_Velvet_Underground_Live,MusicalWork#1,62,Tháinig an t-albam 1969: The Velvet Underground Live tar éis Squeeze.,ref
ga_262,1969: Ba é The Velvet Underground Live an t-albam a lean Squeeze le The Velvet Underground.,5,False,True,True,A007,ga,87,team_g,MusicalWork,1,Squeeze_(The_Velvet_Underground_album) | followedBy | 1969:_The_Velvet_Underground_Live,MusicalWork#1,62,Tháinig an t-albam 1969: The Velvet Underground Live tar éis Squeeze.,ref
ga_463,Tá Alan B. Miller Hall suite i Virginia agus ba é an t-ailtire Robert A. M. Stern a dhear é. Críochnaíodh é i mí an Mheithimh 2009 agus tá sé suite ag 101 Ukrop Way. Tá Scoil Ghnó Mason lonnaithe ann faoi láthair.,3,True,True,True,A006,ga,701,team_g,Building,5,"Alan_B._Miller_Hall | architect | Robert_A._M._Stern<br>Alan_B._Miller_Hall | address | ""101 Ukrop Way""<br>Alan_B._Miller_Hall | currentTenants | Mason_School_of_Business<br>Alan_B._Miller_Hall | completionDate | 2009-06-01<br>Alan_B._Miller_Hall | location | Virginia",Building#5,63,Tá Scoil Ghnó Mason lonnaithe i Halla Alan B. Miller ag 101 Ukrop Way. Ba é ailtire an fhoirgnimh Robert A.M. Stern agus ba é dáta críochnaithe an fhoirgnimh 01/06/2007.,ref
ga_163,"Robert A M Stern atá mar ailtire ag Halla Alan B Miller agus tá sé lonnaithe ag 101 Ukrop Way. Is é Scoil Ghnó Mason an tionónta reatha ag Halla Alan B Miller, a cuireadh críoch leis ar an 1 Meitheamh 2009 i Virginia.",4,True,True,False,A008,ga,701,team_d,Building,5,"Alan_B._Miller_Hall | architect | Robert_A._M._Stern<br>Alan_B._Miller_Hall | address | ""101 Ukrop Way""<br>Alan_B._Miller_Hall | currentTenants | Mason_School_of_Business<br>Alan_B._Miller_Hall | completionDate | 2009-06-01<br>Alan_B._Miller_Hall | location | Virginia",Building#5,63,Tá Scoil Ghnó Mason lonnaithe i Halla Alan B. Miller ag 101 Ukrop Way. Ba é ailtire an fhoirgnimh Robert A.M. Stern agus ba é dáta críochnaithe an fhoirgnimh 01/06/2007.,ref
ga_363,"Tá Alan B Miller Hall suite ag 101 Ukrop Way, Virginia. D'fhan Robert A M Stern é agus críochnaigh sé ar 1 Meitheamh 2009. Is iad na múinteoirí reatha an Scoil Gnó Mason.",1,False,False,True,A009,ga,701,team_a,Building,5,"Alan_B._Miller_Hall | architect | Robert_A._M._Stern<br>Alan_B._Miller_Hall | address | ""101 Ukrop Way""<br>Alan_B._Miller_Hall | currentTenants | Mason_School_of_Business<br>Alan_B._Miller_Hall | completionDate | 2009-06-01<br>Alan_B._Miller_Hall | location | Virginia",Building#5,63,Tá Scoil Ghnó Mason lonnaithe i Halla Alan B. Miller ag 101 Ukrop Way. Ba é ailtire an fhoirgnimh Robert A.M. Stern agus ba é dáta críochnaithe an fhoirgnimh 01/06/2007.,ref
ga_63,Tá Scoil Ghnó Mason lonnaithe i Halla Alan B. Miller ag 101 Ukrop Way. Ba é ailtire an fhoirgnimh Robert A.M. Stern agus ba é dáta críochnaithe an fhoirgnimh 01/06/2007.,4,True,True,True,A005,ga,701,refs,Building,5,"Alan_B._Miller_Hall | architect | Robert_A._M._Stern<br>Alan_B._Miller_Hall | address | ""101 Ukrop Way""<br>Alan_B._Miller_Hall | currentTenants | Mason_School_of_Business<br>Alan_B._Miller_Hall | completionDate | 2009-06-01<br>Alan_B._Miller_Hall | location | Virginia",Building#5,63,Tá Scoil Ghnó Mason lonnaithe i Halla Alan B. Miller ag 101 Ukrop Way. Ba é ailtire an fhoirgnimh Robert A.M. Stern agus ba é dáta críochnaithe an fhoirgnimh 01/06/2007.,ref
ga_263,"Dhear Robert A. M. Stern Alan B. Miller Hall, lonnaithe i 101 Ukrop Way agus Virginia. Tá Mason School of Business ina tionóntaí in Alan B. Miller Hall. Críochnaíodh Alan B. Miller Hall ar 01 Meitheamh 2009.",4,True,True,True,A007,ga,701,team_b,Building,5,"Alan_B._Miller_Hall | architect | Robert_A._M._Stern<br>Alan_B._Miller_Hall | address | ""101 Ukrop Way""<br>Alan_B._Miller_Hall | currentTenants | Mason_School_of_Business<br>Alan_B._Miller_Hall | completionDate | 2009-06-01<br>Alan_B._Miller_Hall | location | Virginia",Building#5,63,Tá Scoil Ghnó Mason lonnaithe i Halla Alan B. Miller ag 101 Ukrop Way. Ba é ailtire an fhoirgnimh Robert A.M. Stern agus ba é dáta críochnaithe an fhoirgnimh 01/06/2007.,ref
ga_464,Is ceol pop rock é an Mermaid (an úrscéal) a bhí sínithe le lipéad taifeadáin Columbia Records. Tá sé ina chomhalta den ghrúpa Train agus tá tréimhse aige de 3.26.,3,True,True,True,A006,ga,1714,team_a,MusicalWork,4,Mermaid_(Train_song) | genre | Pop_rock<br>Mermaid_(Train_song) | musicalBand | Train_(band)<br>Mermaid_(Train_song) | recordLabel | Columbia_Records<br>Mermaid_(Train_song) | runtime | 3.16,MusicalWork#4,64,"""Is amhrán popcheoil/rac-cheoil é Mermaid, arna scríobh ag an mbanna Train agus arna eisiúint ag Columbia Records, agus tá fad reatha iomlán aige de thrí nóiméad agus sé shoicind déag.""",ref
ga_164,"Is Pop rock é Maighdean mhara, cumtha ag Traein. Is é lipéad Maighdean mhara ná Columbia. Tá am rite de 3.16 ag Maighdean mhara.",3,True,True,False,A008,ga,1714,team_b,MusicalWork,4,Mermaid_(Train_song) | genre | Pop_rock<br>Mermaid_(Train_song) | musicalBand | Train_(band)<br>Mermaid_(Train_song) | recordLabel | Columbia_Records<br>Mermaid_(Train_song) | runtime | 3.16,MusicalWork#4,64,"""Is amhrán popcheoil/rac-cheoil é Mermaid, arna scríobh ag an mbanna Train agus arna eisiúint ag Columbia Records, agus tá fad reatha iomlán aige de thrí nóiméad agus sé shoicind déag.""",ref
ga_364,Tá rith-am 3.16 ag Mermaid (Train singing) agus banna ceoil ar a dtugtar Train. Columbia Records a thaifeadann é.,1,False,False,True,A009,ga,1714,team_d,MusicalWork,4,Mermaid_(Train_song) | genre | Pop_rock<br>Mermaid_(Train_song) | musicalBand | Train_(band)<br>Mermaid_(Train_song) | recordLabel | Columbia_Records<br>Mermaid_(Train_song) | runtime | 3.16,MusicalWork#4,64,"""Is amhrán popcheoil/rac-cheoil é Mermaid, arna scríobh ag an mbanna Train agus arna eisiúint ag Columbia Records, agus tá fad reatha iomlán aige de thrí nóiméad agus sé shoicind déag.""",ref
ga_64,Amhrán popcheoil é Mermaid by Train a d’eisigh Columbia Records le ham rite 3 nóiméad agus 16 soicind.,5,True,True,True,A005,ga,1714,team_g,MusicalWork,4,Mermaid_(Train_song) | genre | Pop_rock<br>Mermaid_(Train_song) | musicalBand | Train_(band)<br>Mermaid_(Train_song) | recordLabel | Columbia_Records<br>Mermaid_(Train_song) | runtime | 3.16,MusicalWork#4,64,"""Is amhrán popcheoil/rac-cheoil é Mermaid, arna scríobh ag an mbanna Train agus arna eisiúint ag Columbia Records, agus tá fad reatha iomlán aige de thrí nóiméad agus sé shoicind déag.""",ref
ga_264,"""Is amhrán popcheoil/rac-cheoil é Mermaid, arna scríobh ag an mbanna Train agus arna eisiúint ag Columbia Records, agus tá fad reatha iomlán aige de thrí nóiméad agus sé shoicind déag.""",5,True,True,True,A007,ga,1714,refs,MusicalWork,4,Mermaid_(Train_song) | genre | Pop_rock<br>Mermaid_(Train_song) | musicalBand | Train_(band)<br>Mermaid_(Train_song) | recordLabel | Columbia_Records<br>Mermaid_(Train_song) | runtime | 3.16,MusicalWork#4,64,"""Is amhrán popcheoil/rac-cheoil é Mermaid, arna scríobh ag an mbanna Train agus arna eisiúint ag Columbia Records, agus tá fad reatha iomlán aige de thrí nóiméad agus sé shoicind déag.""",ref
ga_465,"""Stiúir Cyril Frankel an scannán 1956 It’s Great to Be Young, ina raibh Cecil Parker ina phríomhréalta, agus tá fad reatha 94 nóiméad aige.""",4,True,True,True,A006,ga,133,refs,Film,3,It's_Great_to_Be_Young_(1956_film) | runtime | 94.0<br>It's_Great_to_Be_Young_(1956_film) | director | Cyril_Frankel<br>It's_Great_to_Be_Young_(1956_film) | starring | Cecil_Parker,Film#3,65,"""Stiúir Cyril Frankel an scannán 1956 It’s Great to Be Young, ina raibh Cecil Parker ina phríomhréalta, agus tá fad reatha 94 nóiméad aige.""",ref
ga_165,Is é Cyril Frankel an t-aisteoir de It's Great to Be Young (film 1956) a bhfuil réaltaí aige ar a dtugtar Cecil Parker. Tá tréimhse 94.0 ag an scannán.,2,False,False,True,A008,ga,133,team_a,Film,3,It's_Great_to_Be_Young_(1956_film) | runtime | 94.0<br>It's_Great_to_Be_Young_(1956_film) | director | Cyril_Frankel<br>It's_Great_to_Be_Young_(1956_film) | starring | Cecil_Parker,Film#3,65,"""Stiúir Cyril Frankel an scannán 1956 It’s Great to Be Young, ina raibh Cecil Parker ina phríomhréalta, agus tá fad reatha 94 nóiméad aige.""",ref
ga_365,"Tá am rite de 94 ag It's Great to Be Young, atá Cyril Frankel ina stiúrthóir air. Tá príomhpháirt in It's Great to Be Young ag Cecil Parker.",2,True,True,True,A009,ga,133,team_b,Film,3,It's_Great_to_Be_Young_(1956_film) | runtime | 94.0<br>It's_Great_to_Be_Young_(1956_film) | director | Cyril_Frankel<br>It's_Great_to_Be_Young_(1956_film) | starring | Cecil_Parker,Film#3,65,"""Stiúir Cyril Frankel an scannán 1956 It’s Great to Be Young, ina raibh Cecil Parker ina phríomhréalta, agus tá fad reatha 94 nóiméad aige.""",ref
ga_65,Cyril Frankel a stiúir It's Great to Be Young (1956) agus Cecil Parker mar phríomhpháirtí. Tá am rith 94 aige.,4,True,True,True,A005,ga,133,team_d,Film,3,It's_Great_to_Be_Young_(1956_film) | runtime | 94.0<br>It's_Great_to_Be_Young_(1956_film) | director | Cyril_Frankel<br>It's_Great_to_Be_Young_(1956_film) | starring | Cecil_Parker,Film#3,65,"""Stiúir Cyril Frankel an scannán 1956 It’s Great to Be Young, ina raibh Cecil Parker ina phríomhréalta, agus tá fad reatha 94 nóiméad aige.""",ref
ga_265,"Is scannán 1956 é It's Great to Be Young a stiúraigh Cyril Frankel agus a bhfuil Cecil Parker ina phríomhpháirt, le ham rite 94 nóiméad.",4,True,False,True,A007,ga,133,team_g,Film,3,It's_Great_to_Be_Young_(1956_film) | runtime | 94.0<br>It's_Great_to_Be_Young_(1956_film) | director | Cyril_Frankel<br>It's_Great_to_Be_Young_(1956_film) | starring | Cecil_Parker,Film#3,65,"""Stiúir Cyril Frankel an scannán 1956 It’s Great to Be Young, ina raibh Cecil Parker ina phríomhréalta, agus tá fad reatha 94 nóiméad aige.""",ref
ga_466,Is é 418476000000.0 apoapsas 1147 Stavropolis agus tá an méid iomlán aige ná 11.5. Bé a tháinig ar fáil ar an 11 Meitheamh 1929.,1,False,False,True,A006,ga,1271,team_d,CelestialBody,3,1147_Stavropolis | apoapsis | 418476000000.0<br>1147_Stavropolis | absoluteMagnitude | 11.5<br>1147_Stavropolis | discovered | 1929-06-11,CelestialBody#3,66,"""Tá apaipsis de 418476000000.0 AU ag 1147 Stavropolis, astaróideach ag a bhfuil dearbhmhéid de 11.5 a aimsíodh an 11 Meitheamh 1929.""",ref
ga_166,"""Tá apaipsis de 418476000000.0 AU ag 1147 Stavropolis, astaróideach ag a bhfuil dearbhmhéid de 11.5 a aimsíodh an 11 Meitheamh 1929.""",4,True,False,True,A008,ga,1271,refs,CelestialBody,3,1147_Stavropolis | apoapsis | 418476000000.0<br>1147_Stavropolis | absoluteMagnitude | 11.5<br>1147_Stavropolis | discovered | 1929-06-11,CelestialBody#3,66,"""Tá apaipsis de 418476000000.0 AU ag 1147 Stavropolis, astaróideach ag a bhfuil dearbhmhéid de 11.5 a aimsíodh an 11 Meitheamh 1929.""",ref
ga_366,"1147 Tá méideanna absoluta de 11.7, apoapsis de 418476000000.0 agus fuair sé amach ar 11 Iúil 1929.",1,False,False,True,A009,ga,1271,team_a,CelestialBody,3,1147_Stavropolis | apoapsis | 418476000000.0<br>1147_Stavropolis | absoluteMagnitude | 11.5<br>1147_Stavropolis | discovered | 1929-06-11,CelestialBody#3,66,"""Tá apaipsis de 418476000000.0 AU ag 1147 Stavropolis, astaróideach ag a bhfuil dearbhmhéid de 11.5 a aimsíodh an 11 Meitheamh 1929.""",ref
ga_66,"Thángthas ar 1147 Stavropolis ar an 11 Meitheamh, 1929 agus tá absalóideach aige 11.5 agus apoapsis 418476000000.0.",5,True,True,True,A005,ga,1271,team_g,CelestialBody,3,1147_Stavropolis | apoapsis | 418476000000.0<br>1147_Stavropolis | absoluteMagnitude | 11.5<br>1147_Stavropolis | discovered | 1929-06-11,CelestialBody#3,66,"""Tá apaipsis de 418476000000.0 AU ag 1147 Stavropolis, astaróideach ag a bhfuil dearbhmhéid de 11.5 a aimsíodh an 11 Meitheamh 1929.""",ref
ga_266,"Is é apaisis 1147 Stavropolis, atá dearbhmhéid 11.5 aige, ná 418,476,000,000. Aimsíodh 1147 Stavropolis ar 11 Meitheamh 1929.",4,True,True,True,A007,ga,1271,team_b,CelestialBody,3,1147_Stavropolis | apoapsis | 418476000000.0<br>1147_Stavropolis | absoluteMagnitude | 11.5<br>1147_Stavropolis | discovered | 1929-06-11,CelestialBody#3,66,"""Tá apaipsis de 418476000000.0 AU ag 1147 Stavropolis, astaróideach ag a bhfuil dearbhmhéid de 11.5 a aimsíodh an 11 Meitheamh 1929.""",ref
ga_467,"Is é ENAIRE an eagraíocht oibríochtúil don Aerfort Adolfo Suarez Madrid-Barajas atá suite i Madrid, Paracuellos de Jarama, San Sebastián de los Reyes agus Alcobendas. Tá fad an réimbhealach aige 3500.0.",2,False,False,True,A006,ga,740,team_a,Airport,3,"Adolfo_Suárez_Madrid–Barajas_Airport | operatingOrganisation | ENAIRE<br>Adolfo_Suárez_Madrid–Barajas_Airport | runwayLength | 3500.0<br>Adolfo_Suárez_Madrid–Barajas_Airport | location | ""Madrid, Paracuellos de Jarama, San Sebastián de los Reyes and Alcobendas""",Airport#3,67,"""Tá aerfort Adolfo Suarez Mhaidrid-Barajas suite i Maidrid, Paracuellos de Jarama, San Sebastián de los Reyes agus Alcobendas. Oibríonn ENAIRE an t-aerfort seo agus tá rúidbhealach 3,500 ar fad aige.""",ref
ga_167,"Reáchtálann ENAIRE an Adolfo Suárez Madrid–Barajas Airport, lonnaithe i Madrid, Paracuellos de Jarama, San Sebastián de los Reyes and Alcobendas. Is é fad an rúidbhealaigh d'Adolfo Suárez Madrid–Barajas Airport ná 3,500 troigh.",4,True,False,False,A008,ga,740,team_b,Airport,3,"Adolfo_Suárez_Madrid–Barajas_Airport | operatingOrganisation | ENAIRE<br>Adolfo_Suárez_Madrid–Barajas_Airport | runwayLength | 3500.0<br>Adolfo_Suárez_Madrid–Barajas_Airport | location | ""Madrid, Paracuellos de Jarama, San Sebastián de los Reyes and Alcobendas""",Airport#3,67,"""Tá aerfort Adolfo Suarez Mhaidrid-Barajas suite i Maidrid, Paracuellos de Jarama, San Sebastián de los Reyes agus Alcobendas. Oibríonn ENAIRE an t-aerfort seo agus tá rúidbhealach 3,500 ar fad aige.""",ref
ga_367,"Tá Aerfort Adolfo Suárez Maidrid-Barajas á oibriú ag ENAIRE agus tá sé suite i Maidrid, Paracuellos de Jarama, San Sebastián de los Reyes agus Alcobendas. Tá fad rúidbhealaigh 3500.0 méadar aige.",2,True,True,True,A009,ga,740,team_g,Airport,3,"Adolfo_Suárez_Madrid–Barajas_Airport | operatingOrganisation | ENAIRE<br>Adolfo_Suárez_Madrid–Barajas_Airport | runwayLength | 3500.0<br>Adolfo_Suárez_Madrid–Barajas_Airport | location | ""Madrid, Paracuellos de Jarama, San Sebastián de los Reyes and Alcobendas""",Airport#3,67,"""Tá aerfort Adolfo Suarez Mhaidrid-Barajas suite i Maidrid, Paracuellos de Jarama, San Sebastián de los Reyes agus Alcobendas. Oibríonn ENAIRE an t-aerfort seo agus tá rúidbhealach 3,500 ar fad aige.""",ref
ga_67,"""Tá aerfort Adolfo Suarez Mhaidrid-Barajas suite i Maidrid, Paracuellos de Jarama, San Sebastián de los Reyes agus Alcobendas. Oibríonn ENAIRE an t-aerfort seo agus tá rúidbhealach 3,500 ar fad aige.""",5,True,True,True,A005,ga,740,refs,Airport,3,"Adolfo_Suárez_Madrid–Barajas_Airport | operatingOrganisation | ENAIRE<br>Adolfo_Suárez_Madrid–Barajas_Airport | runwayLength | 3500.0<br>Adolfo_Suárez_Madrid–Barajas_Airport | location | ""Madrid, Paracuellos de Jarama, San Sebastián de los Reyes and Alcobendas""",Airport#3,67,"""Tá aerfort Adolfo Suarez Mhaidrid-Barajas suite i Maidrid, Paracuellos de Jarama, San Sebastián de los Reyes agus Alcobendas. Oibríonn ENAIRE an t-aerfort seo agus tá rúidbhealach 3,500 ar fad aige.""",ref
ga_267,"Tá Aerfort Adolfo Suarez Madrid-Barajas suite i Madrid, Paracuellos de Jarama, San Sebastián de los Reyes agus Alcobendas. ENAIRE a reáchtálann an aerfort agus tá fad rúidbhealaigh 3500.0 aige.",4,True,True,True,A007,ga,740,team_d,Airport,3,"Adolfo_Suárez_Madrid–Barajas_Airport | operatingOrganisation | ENAIRE<br>Adolfo_Suárez_Madrid–Barajas_Airport | runwayLength | 3500.0<br>Adolfo_Suárez_Madrid–Barajas_Airport | location | ""Madrid, Paracuellos de Jarama, San Sebastián de los Reyes and Alcobendas""",Airport#3,67,"""Tá aerfort Adolfo Suarez Mhaidrid-Barajas suite i Maidrid, Paracuellos de Jarama, San Sebastián de los Reyes agus Alcobendas. Oibríonn ENAIRE an t-aerfort seo agus tá rúidbhealach 3,500 ar fad aige.""",ref
ga_468,"Cuireadh Pontiac Rageous, a rinneadh go deireanach i 1997, le chéile i Michigan agus Detroit, Michigan.",1,False,False,False,A006,ga,71,team_b,MeanOfTransportation,3,Pontiac_Rageous | assembly | Michigan<br>Pontiac_Rageous | assembly | Detroit<br>Pontiac_Rageous | productionEndYear | 1997,MeanOfTransportation#3,68,"""Táirgeadh an Pontiac Rageous, a cóimeáladh in Michigian le líne chóimeála in Detroit, don am deireanach i 1997.""",ref
ga_168,"Cuireadh an Pontiac Rageous le chéile i Michigan agus Detroit, agus tháinig deireadh leis an táirgeadh i 1997.",5,True,True,True,A008,ga,71,team_g,MeanOfTransportation,3,Pontiac_Rageous | assembly | Michigan<br>Pontiac_Rageous | assembly | Detroit<br>Pontiac_Rageous | productionEndYear | 1997,MeanOfTransportation#3,68,"""Táirgeadh an Pontiac Rageous, a cóimeáladh in Michigian le líne chóimeála in Detroit, don am deireanach i 1997.""",ref
ga_368,Cuireadh le chéile an Pontiac Romeous i Detroit agus chríochnaigh sé táirgeadh i 1997.,2,True,True,True,A009,ga,71,team_d,MeanOfTransportation,3,Pontiac_Rageous | assembly | Michigan<br>Pontiac_Rageous | assembly | Detroit<br>Pontiac_Rageous | productionEndYear | 1997,MeanOfTransportation#3,68,"""Táirgeadh an Pontiac Rageous, a cóimeáladh in Michigian le líne chóimeála in Detroit, don am deireanach i 1997.""",ref
ga_68,Déantar an t-aistriúchán gaolmhar ar an gcomhlacht réalta ar a dtugtar an Pontiac Rugeous i Detroit agus rinneadh é a tháirgeadh i 1996.,4,False,True,True,A005,ga,71,team_a,MeanOfTransportation,3,Pontiac_Rageous | assembly | Michigan<br>Pontiac_Rageous | assembly | Detroit<br>Pontiac_Rageous | productionEndYear | 1997,MeanOfTransportation#3,68,"""Táirgeadh an Pontiac Rageous, a cóimeáladh in Michigian le líne chóimeála in Detroit, don am deireanach i 1997.""",ref
ga_268,"""Táirgeadh an Pontiac Rageous, a cóimeáladh in Michigian le líne chóimeála in Detroit, don am deireanach i 1997.""",5,False,False,True,A007,ga,71,refs,MeanOfTransportation,3,Pontiac_Rageous | assembly | Michigan<br>Pontiac_Rageous | assembly | Detroit<br>Pontiac_Rageous | productionEndYear | 1997,MeanOfTransportation#3,68,"""Táirgeadh an Pontiac Rageous, a cóimeáladh in Michigian le líne chóimeála in Detroit, don am deireanach i 1997.""",ref
ga_469,Tá 5594 fostaithe ag Chinabank agus glanioncam de 15.1 billiún.,5,True,True,True,A006,ga,47,team_g,Company,2,Chinabank | numberOfEmployees | 5594<br>Chinabank | netIncome | 15100000000,Company#2,69,"""Tá ioncam glan de 15,100,000,000 ag Chinabank agus tá 5,594 oibrí aige san iomlán.""",ref
ga_169,Freastalaíonn Chinabank 5594 duine agus tá glanioncam 15100000000 aige.,3,False,False,True,A008,ga,47,team_d,Company,2,Chinabank | numberOfEmployees | 5594<br>Chinabank | netIncome | 15100000000,Company#2,69,"""Tá ioncam glan de 15,100,000,000 ag Chinabank agus tá 5,594 oibrí aige san iomlán.""",ref
ga_369,"""Tá ioncam glan de 15,100,000,000 ag Chinabank agus tá 5,594 oibrí aige san iomlán.""",4,True,True,True,A009,ga,47,refs,Company,2,Chinabank | numberOfEmployees | 5594<br>Chinabank | netIncome | 15100000000,Company#2,69,"""Tá ioncam glan de 15,100,000,000 ag Chinabank agus tá 5,594 oibrí aige san iomlán.""",ref
ga_69,"Tá 5,594 fostaí ag Chinabank, atá glanioncam de $15,100,000,000 aige.",5,True,True,True,A005,ga,47,team_b,Company,2,Chinabank | numberOfEmployees | 5594<br>Chinabank | netIncome | 15100000000,Company#2,69,"""Tá ioncam glan de 15,100,000,000 ag Chinabank agus tá 5,594 oibrí aige san iomlán.""",ref
ga_269,"Tá 5594 fostaí ag Chinabank agus tá ioncam glan aige de 15,100,000,000.",5,True,True,True,A007,ga,47,team_a,Company,2,Chinabank | numberOfEmployees | 5594<br>Chinabank | netIncome | 15100000000,Company#2,69,"""Tá ioncam glan de 15,100,000,000 ag Chinabank agus tá 5,594 oibrí aige san iomlán.""",ref
ga_470,"Agremiação Sportiva Is club peile Brasaíleach é Arapiraquense atá lonnaithe in Arapiraca, le 17,000 ball. Is é an talamh baile atá acu ná Estádio Municipal Coaracy da Mata Fonseca agus is é Vica a mbainisteoir. Tá siad san iomaíocht sa Campeonato Brasileiro Série C, le Vila Nova Futebol Clube mar sheaimpíní reatha.",4,True,True,True,A006,ga,649,team_g,SportsTeam,7,Estádio_Municipal_Coaracy_da_Mata_Fonseca | location | Arapiraca<br>Agremiação_Sportiva_Arapiraquense | league | Campeonato_Brasileiro_Série_C<br>Campeonato_Brasileiro_Série_C | champions | Vila_Nova_Futebol_Clube<br>Campeonato_Brasileiro_Série_C | country | Brazil<br>Agremiação_Sportiva_Arapiraquense | numberOfMembers | 17000<br>Agremiação_Sportiva_Arapiraquense | ground | Estádio_Municipal_Coaracy_da_Mata_Fonseca<br>Agremiação_Sportiva_Arapiraquense | manager | Vica,SportsTeam#7,70,"""Bainistíonn Vica an club Agremiação Sportiva Arapiraquense. Tá 17,000 ball aige agus d'imir sé i sraith Campeonato Brasileiro Série C atá lonnaithe sa Bhrasaíl ag an bpáirc pheile dá chuid Estadio Municipal Coaracy da Mata Fonseca atá suite in Arapiraca. Tá Vila Nova Futebol Clube ina sheaimpíní.""",ref
ga_170,Imríonn Agremiaço Sportiva Arapiraquense san Estádio Municipal Coaracy da Mata Fonseca in Arapiraca na Brasaíle. Tá 17000 ball aige agus is é Vica a bhainistíonn é. Is iad Vila Nova Futebol Clube na buaiteoirí sa sraith Campeonato Brasileiro Série C.,5,False,True,True,A008,ga,649,team_d,SportsTeam,7,Estádio_Municipal_Coaracy_da_Mata_Fonseca | location | Arapiraca<br>Agremiação_Sportiva_Arapiraquense | league | Campeonato_Brasileiro_Série_C<br>Campeonato_Brasileiro_Série_C | champions | Vila_Nova_Futebol_Clube<br>Campeonato_Brasileiro_Série_C | country | Brazil<br>Agremiação_Sportiva_Arapiraquense | numberOfMembers | 17000<br>Agremiação_Sportiva_Arapiraquense | ground | Estádio_Municipal_Coaracy_da_Mata_Fonseca<br>Agremiação_Sportiva_Arapiraquense | manager | Vica,SportsTeam#7,70,"""Bainistíonn Vica an club Agremiação Sportiva Arapiraquense. Tá 17,000 ball aige agus d'imir sé i sraith Campeonato Brasileiro Série C atá lonnaithe sa Bhrasaíl ag an bpáirc pheile dá chuid Estadio Municipal Coaracy da Mata Fonseca atá suite in Arapiraca. Tá Vila Nova Futebol Clube ina sheaimpíní.""",ref
ga_370,"Tá Estádio Municipal Coaracy da Mata Fonseca suite i Arapiraca.  Tá 17000 ball ag Agremiação Sportiva Arapiraquense, a bhainistear ag Vica. Tá a réimsí suite ag Estádio Municipal Coaracy da Mata Fonseca agus tá siad ag imirt sa Campeonato Brasileiro Série C.  Tá Vila Nova Futebol Clube ina champions de Campeonato Brasileiro Série C sa Bhrasaíl.",1,True,True,True,A009,ga,649,team_a,SportsTeam,7,Estádio_Municipal_Coaracy_da_Mata_Fonseca | location | Arapiraca<br>Agremiação_Sportiva_Arapiraquense | league | Campeonato_Brasileiro_Série_C<br>Campeonato_Brasileiro_Série_C | champions | Vila_Nova_Futebol_Clube<br>Campeonato_Brasileiro_Série_C | country | Brazil<br>Agremiação_Sportiva_Arapiraquense | numberOfMembers | 17000<br>Agremiação_Sportiva_Arapiraquense | ground | Estádio_Municipal_Coaracy_da_Mata_Fonseca<br>Agremiação_Sportiva_Arapiraquense | manager | Vica,SportsTeam#7,70,"""Bainistíonn Vica an club Agremiação Sportiva Arapiraquense. Tá 17,000 ball aige agus d'imir sé i sraith Campeonato Brasileiro Série C atá lonnaithe sa Bhrasaíl ag an bpáirc pheile dá chuid Estadio Municipal Coaracy da Mata Fonseca atá suite in Arapiraca. Tá Vila Nova Futebol Clube ina sheaimpíní.""",ref
ga_70,"""Bainistíonn Vica an club Agremiação Sportiva Arapiraquense. Tá 17,000 ball aige agus d'imir sé i sraith Campeonato Brasileiro Série C atá lonnaithe sa Bhrasaíl ag an bpáirc pheile dá chuid Estadio Municipal Coaracy da Mata Fonseca atá suite in Arapiraca. Tá Vila Nova Futebol Clube ina sheaimpíní.""",5,True,True,True,A005,ga,649,refs,SportsTeam,7,Estádio_Municipal_Coaracy_da_Mata_Fonseca | location | Arapiraca<br>Agremiação_Sportiva_Arapiraquense | league | Campeonato_Brasileiro_Série_C<br>Campeonato_Brasileiro_Série_C | champions | Vila_Nova_Futebol_Clube<br>Campeonato_Brasileiro_Série_C | country | Brazil<br>Agremiação_Sportiva_Arapiraquense | numberOfMembers | 17000<br>Agremiação_Sportiva_Arapiraquense | ground | Estádio_Municipal_Coaracy_da_Mata_Fonseca<br>Agremiação_Sportiva_Arapiraquense | manager | Vica,SportsTeam#7,70,"""Bainistíonn Vica an club Agremiação Sportiva Arapiraquense. Tá 17,000 ball aige agus d'imir sé i sraith Campeonato Brasileiro Série C atá lonnaithe sa Bhrasaíl ag an bpáirc pheile dá chuid Estadio Municipal Coaracy da Mata Fonseca atá suite in Arapiraca. Tá Vila Nova Futebol Clube ina sheaimpíní.""",ref
ga_270,"Imríonn Agremiação Sportiva Arapiraquense, a imríonn a gcluichí baile in Estádio Municipal Coaracy da Mata Fonseca, i gCampeonato Brasileiro Série C agus ba iad a seaimpíní ná Vila Nova Futebol Clube. Tá 17,000 suíochán ag a staid. Tá Vica ina bhainisteoir ar Agremiação Sportiva Arapiraquense. Tá Estádio Municipal Coaracy da Mata Fonseca lonnaithe in Arapiraca. Tá Campeonato Brasileiro Série C lonnaithe ins An Bhrasaíl.",2,False,False,True,A007,ga,649,team_b,SportsTeam,7,Estádio_Municipal_Coaracy_da_Mata_Fonseca | location | Arapiraca<br>Agremiação_Sportiva_Arapiraquense | league | Campeonato_Brasileiro_Série_C<br>Campeonato_Brasileiro_Série_C | champions | Vila_Nova_Futebol_Clube<br>Campeonato_Brasileiro_Série_C | country | Brazil<br>Agremiação_Sportiva_Arapiraquense | numberOfMembers | 17000<br>Agremiação_Sportiva_Arapiraquense | ground | Estádio_Municipal_Coaracy_da_Mata_Fonseca<br>Agremiação_Sportiva_Arapiraquense | manager | Vica,SportsTeam#7,70,"""Bainistíonn Vica an club Agremiação Sportiva Arapiraquense. Tá 17,000 ball aige agus d'imir sé i sraith Campeonato Brasileiro Série C atá lonnaithe sa Bhrasaíl ag an bpáirc pheile dá chuid Estadio Municipal Coaracy da Mata Fonseca atá suite in Arapiraca. Tá Vila Nova Futebol Clube ina sheaimpíní.""",ref
ga_471,Is náisiúnach de chuid na SA é Buzz Aldrin a bhí ar an misean Apollo 11.,4,True,True,True,A006,ga,1471,team_d,Astronaut,2,Buzz_Aldrin | nationality | United_States<br>Buzz_Aldrin | mission | Apollo_11,Astronaut#2,71,Ba bhall Meiriceánach é Buzz Aldrin de chriú Apollo 11.,ref
ga_171,Ba bhall Meiriceánach é Buzz Aldrin de chriú Apollo 11.,5,False,False,True,A008,ga,1471,refs,Astronaut,2,Buzz_Aldrin | nationality | United_States<br>Buzz_Aldrin | mission | Apollo_11,Astronaut#2,71,Ba bhall Meiriceánach é Buzz Aldrin de chriú Apollo 11.,ref
ga_371,"Is as Stáit Aontaithe Mheiriceá é Buzz Aldrin, a bhí ina bhall foirne d'Apollo 11.",4,True,True,True,A009,ga,1471,team_b,Astronaut,2,Buzz_Aldrin | nationality | United_States<br>Buzz_Aldrin | mission | Apollo_11,Astronaut#2,71,Ba bhall Meiriceánach é Buzz Aldrin de chriú Apollo 11.,ref
ga_71,"Buzz Aldrin, náisiúnach na Stát Aontaithe, bhí sé ina bhall foirne Apollo 11.",3,True,True,True,A005,ga,1471,team_a,Astronaut,2,Buzz_Aldrin | nationality | United_States<br>Buzz_Aldrin | mission | Apollo_11,Astronaut#2,71,Ba bhall Meiriceánach é Buzz Aldrin de chriú Apollo 11.,ref
ga_271,Is spásaire Meiriceánach é Buzz Aldrin a bhí mar chuid de mhisean Apollo 11.,5,True,False,True,A007,ga,1471,team_g,Astronaut,2,Buzz_Aldrin | nationality | United_States<br>Buzz_Aldrin | mission | Apollo_11,Astronaut#2,71,Ba bhall Meiriceánach é Buzz Aldrin de chriú Apollo 11.,ref
ga_472,"Bhí David Sainsbury, Baron Sainsbury de Turville ina chancelar ar Ollscoil Cambridge.",5,True,True,True,A006,ga,1528,team_a,Scientist,1,"University_of_Cambridge | chancellor | David_Sainsbury,_Baron_Sainsbury_of_Turville",Scientist#1,72,"""Is é David Sainsbury, Barún Sainsbury Turville, sainsiléar Ollscoil Cambridge.""",ref
ga_172,"Is é David Sainsbury, Baron Sainsbury of Turville seansailéir Ollscoil Cambridge.",5,True,True,True,A008,ga,1528,team_b,Scientist,1,"University_of_Cambridge | chancellor | David_Sainsbury,_Baron_Sainsbury_of_Turville",Scientist#1,72,"""Is é David Sainsbury, Barún Sainsbury Turville, sainsiléar Ollscoil Cambridge.""",ref
ga_372,"Is é David Sainsbury, Barún Sainsbury de Turville, seanseálaí Ollscoil Cambridge.",3,True,True,True,A009,ga,1528,team_d,Scientist,1,"University_of_Cambridge | chancellor | David_Sainsbury,_Baron_Sainsbury_of_Turville",Scientist#1,72,"""Is é David Sainsbury, Barún Sainsbury Turville, sainsiléar Ollscoil Cambridge.""",ref
ga_72,"Is é David Sainsbury, Baron Sainsbury of Turville, Seansailéir Ollscoil Cambridge.",5,True,True,True,A005,ga,1528,team_g,Scientist,1,"University_of_Cambridge | chancellor | David_Sainsbury,_Baron_Sainsbury_of_Turville",Scientist#1,72,"""Is é David Sainsbury, Barún Sainsbury Turville, sainsiléar Ollscoil Cambridge.""",ref
ga_272,"""Is é David Sainsbury, Barún Sainsbury Turville, sainsiléar Ollscoil Cambridge.""",5,True,True,True,A007,ga,1528,refs,Scientist,1,"University_of_Cambridge | chancellor | David_Sainsbury,_Baron_Sainsbury_of_Turville",Scientist#1,72,"""Is é David Sainsbury, Barún Sainsbury Turville, sainsiléar Ollscoil Cambridge.""",ref
ga_473,Ba shaoránach na Tuirce é Nurhan Atasoy (a rugadh an 1 Eanáir 1934) agus bhí áit chónaithe aige in Iostanbúl.,4,False,True,True,A006,ga,1134,refs,Scientist,4,Nurhan_Atasoy | birthDate | 1934-01-01<br>Nurhan_Atasoy | residence | Istanbul<br>Nurhan_Atasoy | citizenship | Turkey<br>Nurhan_Atasoy | nationality | Turkish_people,Scientist#4,73,Ba shaoránach na Tuirce é Nurhan Atasoy (a rugadh an 1 Eanáir 1934) agus bhí áit chónaithe aige in Iostanbúl.,ref
ga_173,"Rugadh Nurhan Atasoy ar 1 Eanáir, 1933 agus tá cónaí air i Istanbul. Tá sé ina náisiúnach Tuirc agus tá sí ina chónaí sa Tuirc.",4,False,False,True,A008,ga,1134,team_a,Scientist,4,Nurhan_Atasoy | birthDate | 1934-01-01<br>Nurhan_Atasoy | residence | Istanbul<br>Nurhan_Atasoy | citizenship | Turkey<br>Nurhan_Atasoy | nationality | Turkish_people,Scientist#4,73,Ba shaoránach na Tuirce é Nurhan Atasoy (a rugadh an 1 Eanáir 1934) agus bhí áit chónaithe aige in Iostanbúl.,ref
ga_373,Rugadh Nurhan Atasoy ar an 1 Eanáir 1934 agus is saoránach den Tuirc í le náisiúntacht na Tuirce. Tá cónaí air in Iostanbúl faoi láthair.,2,True,True,True,A009,ga,1134,team_g,Scientist,4,Nurhan_Atasoy | birthDate | 1934-01-01<br>Nurhan_Atasoy | residence | Istanbul<br>Nurhan_Atasoy | citizenship | Turkey<br>Nurhan_Atasoy | nationality | Turkish_people,Scientist#4,73,Ba shaoránach na Tuirce é Nurhan Atasoy (a rugadh an 1 Eanáir 1934) agus bhí áit chónaithe aige in Iostanbúl.,ref
ga_73,"Rugadh Nurhan Atasoy, a chónaíonn in Iostanbúl, ar 01 Eanáir 1934. Is as An Tuirc agus Turcaigh é Nurhan Atasoy.",5,True,True,True,A005,ga,1134,team_b,Scientist,4,Nurhan_Atasoy | birthDate | 1934-01-01<br>Nurhan_Atasoy | residence | Istanbul<br>Nurhan_Atasoy | citizenship | Turkey<br>Nurhan_Atasoy | nationality | Turkish_people,Scientist#4,73,Ba shaoránach na Tuirce é Nurhan Atasoy (a rugadh an 1 Eanáir 1934) agus bhí áit chónaithe aige in Iostanbúl.,ref
ga_273,Rugadh Nurhan Atasoy ar an 1 Eanáir 1934 agus is i dTúistambul atá cónaí air. Is náisiúnach Turcach é.,5,False,False,True,A007,ga,1134,team_d,Scientist,4,Nurhan_Atasoy | birthDate | 1934-01-01<br>Nurhan_Atasoy | residence | Istanbul<br>Nurhan_Atasoy | citizenship | Turkey<br>Nurhan_Atasoy | nationality | Turkish_people,Scientist#4,73,Ba shaoránach na Tuirce é Nurhan Atasoy (a rugadh an 1 Eanáir 1934) agus bhí áit chónaithe aige in Iostanbúl.,ref
ga_474,"Tá am rite de 94 ag It's Great to Be Young, a thuill $282,838 ag oifig an ticéad. Tá Cyril Frankel ina stiúrthóir ar It's Great to Be Young. Chum Louis Levy a cheol.",3,True,True,True,A006,ga,1085,team_b,Film,4,It's_Great_to_Be_Young_(1956_film) | runtime | 94.0<br>It's_Great_to_Be_Young_(1956_film) | gross | 282838.0<br>It's_Great_to_Be_Young_(1956_film) | director | Cyril_Frankel<br>It's_Great_to_Be_Young_(1956_film) | musicComposer | Louis_Levy,Film#4,74,"""Is scannán 1956 é It's Great to Be Young a mhair 94 nóiméad. Is iad Cyril Frankel agus Louis Levy na stiúrthóirí agus na cumadóirí ceoil. Chosain sé 282,838 bpunt chun é a léiriú.""",ref
ga_174,Scannán 1956 é It's Great to Be Young a stiúraigh Cyril Frankel agus a chum Louis Levy. Tá am rite 94 nóiméad aige agus 282838.0 comhlán.,4,False,True,True,A008,ga,1085,team_g,Film,4,It's_Great_to_Be_Young_(1956_film) | runtime | 94.0<br>It's_Great_to_Be_Young_(1956_film) | gross | 282838.0<br>It's_Great_to_Be_Young_(1956_film) | director | Cyril_Frankel<br>It's_Great_to_Be_Young_(1956_film) | musicComposer | Louis_Levy,Film#4,74,"""Is scannán 1956 é It's Great to Be Young a mhair 94 nóiméad. Is iad Cyril Frankel agus Louis Levy na stiúrthóirí agus na cumadóirí ceoil. Chosain sé 282,838 bpunt chun é a léiriú.""",ref
ga_374,"""Is scannán 1956 é It's Great to Be Young a mhair 94 nóiméad. Is iad Cyril Frankel agus Louis Levy na stiúrthóirí agus na cumadóirí ceoil. Chosain sé 282,838 bpunt chun é a léiriú.""",2,False,False,True,A009,ga,1085,refs,Film,4,It's_Great_to_Be_Young_(1956_film) | runtime | 94.0<br>It's_Great_to_Be_Young_(1956_film) | gross | 282838.0<br>It's_Great_to_Be_Young_(1956_film) | director | Cyril_Frankel<br>It's_Great_to_Be_Young_(1956_film) | musicComposer | Louis_Levy,Film#4,74,"""Is scannán 1956 é It's Great to Be Young a mhair 94 nóiméad. Is iad Cyril Frankel agus Louis Levy na stiúrthóirí agus na cumadóirí ceoil. Chosain sé 282,838 bpunt chun é a léiriú.""",ref
ga_74,Tá rith-am 94.0 ag It's Great to Be Young (ciad scannán 1956) agus 282838 ar leordhóthanach. Cyril Frankel a stiúir é agus Louis Levy a bhí mar an ról aige.,3,True,True,True,A005,ga,1085,team_d,Film,4,It's_Great_to_Be_Young_(1956_film) | runtime | 94.0<br>It's_Great_to_Be_Young_(1956_film) | gross | 282838.0<br>It's_Great_to_Be_Young_(1956_film) | director | Cyril_Frankel<br>It's_Great_to_Be_Young_(1956_film) | musicComposer | Louis_Levy,Film#4,74,"""Is scannán 1956 é It's Great to Be Young a mhair 94 nóiméad. Is iad Cyril Frankel agus Louis Levy na stiúrthóirí agus na cumadóirí ceoil. Chosain sé 282,838 bpunt chun é a léiriú.""",ref
ga_274,"Is é Cyril Frankel an t-aisteoir de It's Great to Be Young (film 1956) a bhfuil méideanna 94.0 aige. Bhí Louis Levy ina chomhpháirtí sa scannán agus tá sé 292,833 duine ar a dtugtar an ceoltóir.",2,False,False,True,A007,ga,1085,team_a,Film,4,It's_Great_to_Be_Young_(1956_film) | runtime | 94.0<br>It's_Great_to_Be_Young_(1956_film) | gross | 282838.0<br>It's_Great_to_Be_Young_(1956_film) | director | Cyril_Frankel<br>It's_Great_to_Be_Young_(1956_film) | musicComposer | Louis_Levy,Film#4,74,"""Is scannán 1956 é It's Great to Be Young a mhair 94 nóiméad. Is iad Cyril Frankel agus Louis Levy na stiúrthóirí agus na cumadóirí ceoil. Chosain sé 282,838 bpunt chun é a léiriú.""",ref
ga_475,"""Rugadh an Bhantiarna Anne Monson, náisiúnach Briotánach, an 1 Eanáir 1726, i Ríocht Shasana. Fuair sí bás an 18 Feabhra 1776.""",3,True,True,True,A006,ga,1711,refs,Scientist,4,Lady_Anne_Monson | birthPlace | Darlington<br>Lady_Anne_Monson | birthDate | 1726-01-01<br>Lady_Anne_Monson | deathDate | 1776-02-18<br>Lady_Anne_Monson | nationality | Kingdom_of_England,Scientist#4,75,"""Rugadh an Bhantiarna Anne Monson, náisiúnach Briotánach, an 1 Eanáir 1726, i Ríocht Shasana. Fuair sí bás an 18 Feabhra 1776.""",ref
ga_175,Rugadh Lady Anne Monson i Darlington ar an 1 Eanáir 1726 agus cailleadh ar an 18 Feabhra 1776. Is náisiúnach de Ríocht na Sasana í.,3,True,True,True,A008,ga,1711,team_d,Scientist,4,Lady_Anne_Monson | birthPlace | Darlington<br>Lady_Anne_Monson | birthDate | 1726-01-01<br>Lady_Anne_Monson | deathDate | 1776-02-18<br>Lady_Anne_Monson | nationality | Kingdom_of_England,Scientist#4,75,"""Rugadh an Bhantiarna Anne Monson, náisiúnach Briotánach, an 1 Eanáir 1726, i Ríocht Shasana. Fuair sí bás an 18 Feabhra 1776.""",ref
ga_375,"Rugadh Lady Anne Monson, a fuair bás ar 18 Feabhra 1776, i nDarlington ar 01 Eanáir 1726. Is as Ríocht Shasana é Lady Anne Monson.",3,True,True,True,A009,ga,1711,team_b,Scientist,4,Lady_Anne_Monson | birthPlace | Darlington<br>Lady_Anne_Monson | birthDate | 1726-01-01<br>Lady_Anne_Monson | deathDate | 1776-02-18<br>Lady_Anne_Monson | nationality | Kingdom_of_England,Scientist#4,75,"""Rugadh an Bhantiarna Anne Monson, náisiúnach Briotánach, an 1 Eanáir 1726, i Ríocht Shasana. Fuair sí bás an 18 Feabhra 1776.""",ref
ga_75,Rugadh an Bhantiarna Anne Monson i Darlington ar 1 Eanáir 1726 agus d’éag 18 Feabhra 1776. Ba shaoránach de Ríocht Shasana í.,4,True,True,True,A005,ga,1711,team_g,Scientist,4,Lady_Anne_Monson | birthPlace | Darlington<br>Lady_Anne_Monson | birthDate | 1726-01-01<br>Lady_Anne_Monson | deathDate | 1776-02-18<br>Lady_Anne_Monson | nationality | Kingdom_of_England,Scientist#4,75,"""Rugadh an Bhantiarna Anne Monson, náisiúnach Briotánach, an 1 Eanáir 1726, i Ríocht Shasana. Fuair sí bás an 18 Feabhra 1776.""",ref
ga_275,"Rugadh i Darlington, Ríocht Aontaithe, bhí an t-Airí Átha Cliath ar 1 Eanáir 1706 agus fuair sí bás ar 18 Feabhra 1776.",2,False,False,True,A007,ga,1711,team_a,Scientist,4,Lady_Anne_Monson | birthPlace | Darlington<br>Lady_Anne_Monson | birthDate | 1726-01-01<br>Lady_Anne_Monson | deathDate | 1776-02-18<br>Lady_Anne_Monson | nationality | Kingdom_of_England,Scientist#4,75,"""Rugadh an Bhantiarna Anne Monson, náisiúnach Briotánach, an 1 Eanáir 1726, i Ríocht Shasana. Fuair sí bás an 18 Feabhra 1776.""",ref
ga_476,Ray Griggs (a dhéanann stiúrthóir) atá i gceannas ar Super Capers a bhfuil rith-am 98.0 agus glan-chríoch 30955.0 aige. Is carachtar Super Capers é Tom Lister Jr.,2,False,False,True,A006,ga,285,team_d,Film,5,"Super_Capers | distributor | Lionsgate<br>Super_Capers | director | Ray_Griggs_(director)<br>Super_Capers | runtime | 98.0<br>Super_Capers | starring | Tom_Lister,_Jr.<br>Super_Capers | gross | 30955.0",Film#5,76,"""Is scannán 98 nóiméad ar fad é """"Super Capers"""" ina bhfuil príomhpháirt ag Tom Lister Jr. Dháil Lionsgate an scannán agus shaothraigh sé $30,955. Bhí Ray Griggs ina stiúrthóir ar an scannán.""",ref
ga_176,"Ba é Lionsgate a rinne Super Capers a dháileadh agus Ray Griggs a stiúradh. Bhí Tom Lister, Jr. ina réalta agus bhí am rite 98 nóiméad aige. D'ardaigh sé $30,955.",3,True,True,True,A008,ga,285,team_g,Film,5,"Super_Capers | distributor | Lionsgate<br>Super_Capers | director | Ray_Griggs_(director)<br>Super_Capers | runtime | 98.0<br>Super_Capers | starring | Tom_Lister,_Jr.<br>Super_Capers | gross | 30955.0",Film#5,76,"""Is scannán 98 nóiméad ar fad é """"Super Capers"""" ina bhfuil príomhpháirt ag Tom Lister Jr. Dháil Lionsgate an scannán agus shaothraigh sé $30,955. Bhí Ray Griggs ina stiúrthóir ar an scannán.""",ref
ga_376,"Tá Tomlister Jr. ina réaltaí i Super capers, a bhfuil an t-ordú ag Ray Griggs agus a scaoileadh ag Lionsgate. Tá sé 98.0 méadar ar fhad agus tá tomhas de 30955.0 duine ann.",2,True,True,True,A009,ga,285,team_a,Film,5,"Super_Capers | distributor | Lionsgate<br>Super_Capers | director | Ray_Griggs_(director)<br>Super_Capers | runtime | 98.0<br>Super_Capers | starring | Tom_Lister,_Jr.<br>Super_Capers | gross | 30955.0",Film#5,76,"""Is scannán 98 nóiméad ar fad é """"Super Capers"""" ina bhfuil príomhpháirt ag Tom Lister Jr. Dháil Lionsgate an scannán agus shaothraigh sé $30,955. Bhí Ray Griggs ina stiúrthóir ar an scannán.""",ref
ga_76,"Dáileann Lionsgate Super Capers, atá Ray Griggs ina stiúrthóir air. Tá am rite de 98 ag Super Capers, atá príomhpháirt ann ag Tom Lister, Jr. Thuill Super Capers $30,955 ag oifig na dticéad.",4,True,True,True,A005,ga,285,team_b,Film,5,"Super_Capers | distributor | Lionsgate<br>Super_Capers | director | Ray_Griggs_(director)<br>Super_Capers | runtime | 98.0<br>Super_Capers | starring | Tom_Lister,_Jr.<br>Super_Capers | gross | 30955.0",Film#5,76,"""Is scannán 98 nóiméad ar fad é """"Super Capers"""" ina bhfuil príomhpháirt ag Tom Lister Jr. Dháil Lionsgate an scannán agus shaothraigh sé $30,955. Bhí Ray Griggs ina stiúrthóir ar an scannán.""",ref
ga_276,"""Is scannán 98 nóiméad ar fad é """"Super Capers"""" ina bhfuil príomhpháirt ag Tom Lister Jr. Dháil Lionsgate an scannán agus shaothraigh sé $30,955. Bhí Ray Griggs ina stiúrthóir ar an scannán.""",5,True,True,True,A007,ga,285,refs,Film,5,"Super_Capers | distributor | Lionsgate<br>Super_Capers | director | Ray_Griggs_(director)<br>Super_Capers | runtime | 98.0<br>Super_Capers | starring | Tom_Lister,_Jr.<br>Super_Capers | gross | 30955.0",Film#5,76,"""Is scannán 98 nóiméad ar fad é """"Super Capers"""" ina bhfuil príomhpháirt ag Tom Lister Jr. Dháil Lionsgate an scannán agus shaothraigh sé $30,955. Bhí Ray Griggs ina stiúrthóir ar an scannán.""",ref
ga_477,Is é cód poist Dijon ná 21000.,5,True,True,True,A006,ga,1296,team_g,University,1,Dijon | postalCode | 21000,University#1,77,Is é an cód poist do Dijon 21000.,ref
ga_177,Is é an cód poist de Dhijon ná 21000.,4,True,True,True,A008,ga,1296,team_b,University,1,Dijon | postalCode | 21000,University#1,77,Is é an cód poist do Dijon 21000.,ref
ga_377,Is é an cód poist do Dijon 21000.,3,True,True,True,A009,ga,1296,refs,University,1,Dijon | postalCode | 21000,University#1,77,Is é an cód poist do Dijon 21000.,ref
ga_77,Is é an cód postála Dijon 21000.,5,True,True,True,A005,ga,1296,team_a,University,1,Dijon | postalCode | 21000,University#1,77,Is é an cód poist do Dijon 21000.,ref
ga_277,Tá an cód post 21000 ag Dijon.,4,True,True,True,A007,ga,1296,team_d,University,1,Dijon | postalCode | 21000,University#1,77,Is é an cód poist do Dijon 21000.,ref
ga_478,"Is Reigé é Maighdean mhara, leanta ag Imagine. Leanann Happy Xmas Imagine agus is Pop-cheol é.",2,False,False,False,A006,ga,863,team_b,MusicalWork,4,Mermaid_(Train_song) | genre | Reggae<br>Imagine_(John_Lennon_song) | followedBy | Happy_Xmas_(War_Is_Over)<br>Mermaid_(Train_song) | followedBy | Imagine_(John_Lennon_song)<br>Imagine_(John_Lennon_song) | genre | Pop_music,MusicalWork#4,78,Tá an t-amhrán Mermaid le Train scríofa sa seánra ceoil reigé agus eisíodh a leagan féin den amhrán Imagine le John Lennon ina dhiaidh. Tá leagan bunaidh den amhrán Imagine sa seánra popcheoil agus eisíodh an t-amhrán ar a raibh an-ráchairt Happy Xmas (War is Over) le Lennon ina dhiaidh.,ref
ga_178,"Is é an cineagra ceoil Mermaid Rhythm, a leanann Imagine (an t-amhrán John Lennon).  Is ceol pop é an cine ceoil de Imagine, a leanann freisin le Happy Xmas (War IsOver).",2,True,False,True,A008,ga,863,team_a,MusicalWork,4,Mermaid_(Train_song) | genre | Reggae<br>Imagine_(John_Lennon_song) | followedBy | Happy_Xmas_(War_Is_Over)<br>Mermaid_(Train_song) | followedBy | Imagine_(John_Lennon_song)<br>Imagine_(John_Lennon_song) | genre | Pop_music,MusicalWork#4,78,Tá an t-amhrán Mermaid le Train scríofa sa seánra ceoil reigé agus eisíodh a leagan féin den amhrán Imagine le John Lennon ina dhiaidh. Tá leagan bunaidh den amhrán Imagine sa seánra popcheoil agus eisíodh an t-amhrán ar a raibh an-ráchairt Happy Xmas (War is Over) le Lennon ina dhiaidh.,ref
ga_378,"Tháinig Happy Xmas (War Is Over) agus Imagine, seánra popcheoil, i ndiaidh Canann Mhuir-Mháir, reggae.",1,True,True,True,A009,ga,863,team_d,MusicalWork,4,Mermaid_(Train_song) | genre | Reggae<br>Imagine_(John_Lennon_song) | followedBy | Happy_Xmas_(War_Is_Over)<br>Mermaid_(Train_song) | followedBy | Imagine_(John_Lennon_song)<br>Imagine_(John_Lennon_song) | genre | Pop_music,MusicalWork#4,78,Tá an t-amhrán Mermaid le Train scríofa sa seánra ceoil reigé agus eisíodh a leagan féin den amhrán Imagine le John Lennon ina dhiaidh. Tá leagan bunaidh den amhrán Imagine sa seánra popcheoil agus eisíodh an t-amhrán ar a raibh an-ráchairt Happy Xmas (War is Over) le Lennon ina dhiaidh.,ref
ga_78,Tá an t-amhrán Mermaid le Train scríofa sa seánra ceoil reigé agus eisíodh a leagan féin den amhrán Imagine le John Lennon ina dhiaidh. Tá leagan bunaidh den amhrán Imagine sa seánra popcheoil agus eisíodh an t-amhrán ar a raibh an-ráchairt Happy Xmas (War is Over) le Lennon ina dhiaidh.,5,True,True,True,A005,ga,863,refs,MusicalWork,4,Mermaid_(Train_song) | genre | Reggae<br>Imagine_(John_Lennon_song) | followedBy | Happy_Xmas_(War_Is_Over)<br>Mermaid_(Train_song) | followedBy | Imagine_(John_Lennon_song)<br>Imagine_(John_Lennon_song) | genre | Pop_music,MusicalWork#4,78,Tá an t-amhrán Mermaid le Train scríofa sa seánra ceoil reigé agus eisíodh a leagan féin den amhrán Imagine le John Lennon ina dhiaidh. Tá leagan bunaidh den amhrán Imagine sa seánra popcheoil agus eisíodh an t-amhrán ar a raibh an-ráchairt Happy Xmas (War is Over) le Lennon ina dhiaidh.,ref
ga_278,"Is amhrán reggae é Mermaid (Train Song) a leanann Imagine (John Lennon Song), ar amhrán popcheoil é. Ansin leantar Samhlaigh (John Lennon Song) ag Happy Xmas (War Is Over).",4,False,False,True,A007,ga,863,team_g,MusicalWork,4,Mermaid_(Train_song) | genre | Reggae<br>Imagine_(John_Lennon_song) | followedBy | Happy_Xmas_(War_Is_Over)<br>Mermaid_(Train_song) | followedBy | Imagine_(John_Lennon_song)<br>Imagine_(John_Lennon_song) | genre | Pop_music,MusicalWork#4,78,Tá an t-amhrán Mermaid le Train scríofa sa seánra ceoil reigé agus eisíodh a leagan féin den amhrán Imagine le John Lennon ina dhiaidh. Tá leagan bunaidh den amhrán Imagine sa seánra popcheoil agus eisíodh an t-amhrán ar a raibh an-ráchairt Happy Xmas (War is Over) le Lennon ina dhiaidh.,ref
ga_479,"Thosaigh Aaron Turner, amhránaí post-metal, ag seóladh i 1995. Bhí sé ina bhall den fhoireann Twilight.",3,False,False,True,A006,ga,203,team_a,Artist,4,Aaron_Turner | genre | Post-metal<br>Aaron_Turner | instrument | Singing<br>Aaron_Turner | associatedBand/associatedMusicalArtist | Twilight_(band)<br>Aaron_Turner | activeYearsStartYear | 1995,Artist#4,79,"""Thosaigh Aaron Turner ag ceol i 1995 agus thosaigh sé ag amhránaiocht do shlí bheatha. Is sa seánra iar-mhiotail a bhíonn sé ag ceol, agus tugtar faoi deara gur sheinn sé leis an mbanna Twilight.""",ref
ga_179,"""Thosaigh Aaron Turner ag ceol i 1995 agus thosaigh sé ag amhránaiocht do shlí bheatha. Is sa seánra iar-mhiotail a bhíonn sé ag ceol, agus tugtar faoi deara gur sheinn sé leis an mbanna Twilight.""",4,True,False,True,A008,ga,203,refs,Artist,4,Aaron_Turner | genre | Post-metal<br>Aaron_Turner | instrument | Singing<br>Aaron_Turner | associatedBand/associatedMusicalArtist | Twilight_(band)<br>Aaron_Turner | activeYearsStartYear | 1995,Artist#4,79,"""Thosaigh Aaron Turner ag ceol i 1995 agus thosaigh sé ag amhránaiocht do shlí bheatha. Is sa seánra iar-mhiotail a bhíonn sé ag ceol, agus tugtar faoi deara gur sheinn sé leis an mbanna Twilight.""",ref
ga_379,Is ceoltóir iar-mhiotail é Aaron Turner a sheinneann agus atá gníomhach ó 1995. Tá baint aige leis an mbanna Twilight.,3,True,True,True,A009,ga,203,team_g,Artist,4,Aaron_Turner | genre | Post-metal<br>Aaron_Turner | instrument | Singing<br>Aaron_Turner | associatedBand/associatedMusicalArtist | Twilight_(band)<br>Aaron_Turner | activeYearsStartYear | 1995,Artist#4,79,"""Thosaigh Aaron Turner ag ceol i 1995 agus thosaigh sé ag amhránaiocht do shlí bheatha. Is sa seánra iar-mhiotail a bhíonn sé ag ceol, agus tugtar faoi deara gur sheinn sé leis an mbanna Twilight.""",ref
ga_79,Chuir Aaron Turner tús lena ghairm ceoil i 1995 agus seinneann sé ceol post-mhéatail. Is ball é den mbanna Twilight.,4,False,False,True,A005,ga,203,team_d,Artist,4,Aaron_Turner | genre | Post-metal<br>Aaron_Turner | instrument | Singing<br>Aaron_Turner | associatedBand/associatedMusicalArtist | Twilight_(band)<br>Aaron_Turner | activeYearsStartYear | 1995,Artist#4,79,"""Thosaigh Aaron Turner ag ceol i 1995 agus thosaigh sé ag amhránaiocht do shlí bheatha. Is sa seánra iar-mhiotail a bhíonn sé ag ceol, agus tugtar faoi deara gur sheinn sé leis an mbanna Twilight.""",ref
ga_279,"Seinneann Aaron Turner, a imríonn Amhránaíocht, Post-metal. Sheinn sé le Clapsholas agus bhí sé gníomhach ó 1995.",3,False,False,True,A007,ga,203,team_b,Artist,4,Aaron_Turner | genre | Post-metal<br>Aaron_Turner | instrument | Singing<br>Aaron_Turner | associatedBand/associatedMusicalArtist | Twilight_(band)<br>Aaron_Turner | activeYearsStartYear | 1995,Artist#4,79,"""Thosaigh Aaron Turner ag ceol i 1995 agus thosaigh sé ag amhránaiocht do shlí bheatha. Is sa seánra iar-mhiotail a bhíonn sé ag ceol, agus tugtar faoi deara gur sheinn sé leis an mbanna Twilight.""",ref
ga_480,Is é Uachtarán na Seánaithe ceannaire Meicsiceo.,4,False,False,True,A006,ga,955,team_d,City,1,"Mexico | leaderTitle | ""President of the Senate""",City#1,80,Is é teideal an cheannaire i Meicsiceo Uachtarán an tSeanaid.,ref
ga_180,Is é an teideal ceannaire Meicsiceo Uachtarán an tSeanaid.,4,True,True,True,A008,ga,955,team_g,City,1,"Mexico | leaderTitle | ""President of the Senate""",City#1,80,Is é teideal an cheannaire i Meicsiceo Uachtarán an tSeanaid.,ref
ga_380,Is é an teideal ceannaire Meicsiceo Uachtarán na Seanad.,2,True,True,True,A009,ga,955,team_a,City,1,"Mexico | leaderTitle | ""President of the Senate""",City#1,80,Is é teideal an cheannaire i Meicsiceo Uachtarán an tSeanaid.,ref
ga_80,Rialaíonn an Uachtarán an tSeanaid Meicsiceo.,3,True,True,True,A005,ga,955,team_b,City,1,"Mexico | leaderTitle | ""President of the Senate""",City#1,80,Is é teideal an cheannaire i Meicsiceo Uachtarán an tSeanaid.,ref
ga_280,Is é teideal an cheannaire i Meicsiceo Uachtarán an tSeanaid.,4,True,True,True,A007,ga,955,refs,City,1,"Mexico | leaderTitle | ""President of the Senate""",City#1,80,Is é teideal an cheannaire i Meicsiceo Uachtarán an tSeanaid.,ref
ga_481,"Léirigh Anatole de Grunwald English Without Tears, a scríobh Anatole de Grunwald. Ba é Bernard Knowles a cineamatagrafaí.",4,True,True,True,A006,ga,1336,team_b,Film,3,English_Without_Tears | producer | Anatole_de_Grunwald<br>English_Without_Tears | writer | Anatole_de_Grunwald<br>English_Without_Tears | cinematography | Bernard_Knowles,Film#3,81,Scríobh agus léirigh Anatole de Grunwald English Without Tears agus bhí Bernard Knowles ina chineamatagrafaí air.,ref
ga_181,"Scríobh an t-údar Béarla a bhfuil teideal aige freisin do Bernard Knowles agus tá sé déanta ag an scríbhneoir, Anatole de Grunwald.",2,False,False,True,A008,ga,1336,team_a,Film,3,English_Without_Tears | producer | Anatole_de_Grunwald<br>English_Without_Tears | writer | Anatole_de_Grunwald<br>English_Without_Tears | cinematography | Bernard_Knowles,Film#3,81,Scríobh agus léirigh Anatole de Grunwald English Without Tears agus bhí Bernard Knowles ina chineamatagrafaí air.,ref
ga_381,"Is é Anatole de Grunwald táirgeoir English Without Things, a scríobh Anatole de Grunwald. Is é Bernard Knowles ceantar ceoil de English Without Things.",1,False,False,True,A009,ga,1336,team_d,Film,3,English_Without_Tears | producer | Anatole_de_Grunwald<br>English_Without_Tears | writer | Anatole_de_Grunwald<br>English_Without_Tears | cinematography | Bernard_Knowles,Film#3,81,Scríobh agus léirigh Anatole de Grunwald English Without Tears agus bhí Bernard Knowles ina chineamatagrafaí air.,ref
ga_81,Scríobh agus léirigh Anatole de Grunwald English Without Tears agus bhí Bernard Knowles ina chineamatagrafaí air.,5,True,True,True,A005,ga,1336,refs,Film,3,English_Without_Tears | producer | Anatole_de_Grunwald<br>English_Without_Tears | writer | Anatole_de_Grunwald<br>English_Without_Tears | cinematography | Bernard_Knowles,Film#3,81,Scríobh agus léirigh Anatole de Grunwald English Without Tears agus bhí Bernard Knowles ina chineamatagrafaí air.,ref
ga_281,"Scríobh agus léirigh Anatole de Grunwald an scannán English Without Tears, a lámhaigh an cineamatagrafaí Bernard Knowles freisin.",4,True,True,True,A007,ga,1336,team_g,Film,3,English_Without_Tears | producer | Anatole_de_Grunwald<br>English_Without_Tears | writer | Anatole_de_Grunwald<br>English_Without_Tears | cinematography | Bernard_Knowles,Film#3,81,Scríobh agus léirigh Anatole de Grunwald English Without Tears agus bhí Bernard Knowles ina chineamatagrafaí air.,ref
ga_482,"Tá ceampas an Institiúide Teicneolaíochta Acharya in Soldevanahalli, Acharya Dr. Sarvapalli Radhakrishnan Road, Hessarghatta Main Road, Bangalore 560090. Bunaíodh é i 2000 agus tugadh stádas 'Campas Teicneolaíochta' dó ag Comhairle na hIndia ar Fhoghlaim Teicneolaíochta. Is é an Stiúrthóir an Dr. G.P. Prabhukumar.  Tá Comhairle na hIndia ar Fhoghlaim Teicniúil suite i Mumbai.",2,False,True,True,A006,ga,1451,team_a,University,6,"Acharya_Institute_of_Technology | campus | ""In Soldevanahalli, Acharya Dr. Sarvapalli Radhakrishnan Road, Hessarghatta Main Road, Bangalore – 560090.""<br>All_India_Council_for_Technical_Education | location | Mumbai<br>Acharya_Institute_of_Technology | director | ""Dr. G. P. Prabhukumar""<br>Acharya_Institute_of_Technology | city | Bangalore<br>Acharya_Institute_of_Technology | established | 2000<br>Acharya_Institute_of_Technology | wasGivenTheTechnicalCampusStatusBy | All_India_Council_for_Technical_Education",University#6,82,"""Is é an Dr. G.P. Prabhukumar an stiúrthóir ar Institiúid Teicneolaíochta Acharya  (a bunaíodh in 2000) atá lonnaithe in Soldevanahalli, Acharya Dr. Sarvapalli Radhakrishnan Road, Hessarghatta Main Road, Bangalore - 560090. Thug aan Chomhairle Uile-India um Oideachas Teicniúil an stádas de Champas Teicniúil d'Institiúid Teicneolaíochta Acharya in Bangalore.""",ref
ga_182,"""Is é an Dr. G.P. Prabhukumar an stiúrthóir ar Institiúid Teicneolaíochta Acharya  (a bunaíodh in 2000) atá lonnaithe in Soldevanahalli, Acharya Dr. Sarvapalli Radhakrishnan Road, Hessarghatta Main Road, Bangalore - 560090. Thug aan Chomhairle Uile-India um Oideachas Teicniúil an stádas de Champas Teicniúil d'Institiúid Teicneolaíochta Acharya in Bangalore.""",4,True,True,True,A008,ga,1451,refs,University,6,"Acharya_Institute_of_Technology | campus | ""In Soldevanahalli, Acharya Dr. Sarvapalli Radhakrishnan Road, Hessarghatta Main Road, Bangalore – 560090.""<br>All_India_Council_for_Technical_Education | location | Mumbai<br>Acharya_Institute_of_Technology | director | ""Dr. G. P. Prabhukumar""<br>Acharya_Institute_of_Technology | city | Bangalore<br>Acharya_Institute_of_Technology | established | 2000<br>Acharya_Institute_of_Technology | wasGivenTheTechnicalCampusStatusBy | All_India_Council_for_Technical_Education",University#6,82,"""Is é an Dr. G.P. Prabhukumar an stiúrthóir ar Institiúid Teicneolaíochta Acharya  (a bunaíodh in 2000) atá lonnaithe in Soldevanahalli, Acharya Dr. Sarvapalli Radhakrishnan Road, Hessarghatta Main Road, Bangalore - 560090. Thug aan Chomhairle Uile-India um Oideachas Teicniúil an stádas de Champas Teicniúil d'Institiúid Teicneolaíochta Acharya in Bangalore.""",ref
ga_382,"Tá Institiúid Teicneolaíochta Acharya suite i Bangalore agus bunaíodh é i 2000. Tá an Dr G. P. Prabhukumar i gceannas uirthi agus tá sé suite i Soldevanahalli, Acharya Dr. Sarvapalli Radhakrishnan Road, Hessarghatta Main Road, Bangalore - 560090. Tugadh an campas teicniúil dó. stádas ag Comhairle Uile-India um Oideachas Teicniúil i Mumbai.",1,True,True,True,A009,ga,1451,team_g,University,6,"Acharya_Institute_of_Technology | campus | ""In Soldevanahalli, Acharya Dr. Sarvapalli Radhakrishnan Road, Hessarghatta Main Road, Bangalore – 560090.""<br>All_India_Council_for_Technical_Education | location | Mumbai<br>Acharya_Institute_of_Technology | director | ""Dr. G. P. Prabhukumar""<br>Acharya_Institute_of_Technology | city | Bangalore<br>Acharya_Institute_of_Technology | established | 2000<br>Acharya_Institute_of_Technology | wasGivenTheTechnicalCampusStatusBy | All_India_Council_for_Technical_Education",University#6,82,"""Is é an Dr. G.P. Prabhukumar an stiúrthóir ar Institiúid Teicneolaíochta Acharya  (a bunaíodh in 2000) atá lonnaithe in Soldevanahalli, Acharya Dr. Sarvapalli Radhakrishnan Road, Hessarghatta Main Road, Bangalore - 560090. Thug aan Chomhairle Uile-India um Oideachas Teicniúil an stádas de Champas Teicniúil d'Institiúid Teicneolaíochta Acharya in Bangalore.""",ref
ga_82,"Tá Institiúid Teicneolaíochta Acharya lonnaithe i Soldevanahalli, Sr. Acharya Sarvapalli Radhakrishnan Road, Hessarghatta Main Road, Bangalore  560090. Cuireadh ar bun i 2000 é agus thug an Comhairle Uile-India dOideachas Theicniúil i Mumbai Stádas an Champas Theicniúil air.",5,True,True,True,A005,ga,1451,team_d,University,6,"Acharya_Institute_of_Technology | campus | ""In Soldevanahalli, Acharya Dr. Sarvapalli Radhakrishnan Road, Hessarghatta Main Road, Bangalore – 560090.""<br>All_India_Council_for_Technical_Education | location | Mumbai<br>Acharya_Institute_of_Technology | director | ""Dr. G. P. Prabhukumar""<br>Acharya_Institute_of_Technology | city | Bangalore<br>Acharya_Institute_of_Technology | established | 2000<br>Acharya_Institute_of_Technology | wasGivenTheTechnicalCampusStatusBy | All_India_Council_for_Technical_Education",University#6,82,"""Is é an Dr. G.P. Prabhukumar an stiúrthóir ar Institiúid Teicneolaíochta Acharya  (a bunaíodh in 2000) atá lonnaithe in Soldevanahalli, Acharya Dr. Sarvapalli Radhakrishnan Road, Hessarghatta Main Road, Bangalore - 560090. Thug aan Chomhairle Uile-India um Oideachas Teicniúil an stádas de Champas Teicniúil d'Institiúid Teicneolaíochta Acharya in Bangalore.""",ref
ga_282,"Tá Acharya Institute of Technology, atá Dr. G. P. Prabhukumar ina stiúrthóir air, lonnaithe in In Soldevanahalli, Acharya Dr. Sarvapalli Radhakrishnan Road, Hessarghatta Main Road, Bangalore – 560090. agus Bangalore. Bunaíodh é i 2000. Thug All India Council for Technical Education, lonnaithe i Mumbai, stádas 'Campas Teicniúil' dó.",4,True,True,False,A007,ga,1451,team_b,University,6,"Acharya_Institute_of_Technology | campus | ""In Soldevanahalli, Acharya Dr. Sarvapalli Radhakrishnan Road, Hessarghatta Main Road, Bangalore – 560090.""<br>All_India_Council_for_Technical_Education | location | Mumbai<br>Acharya_Institute_of_Technology | director | ""Dr. G. P. Prabhukumar""<br>Acharya_Institute_of_Technology | city | Bangalore<br>Acharya_Institute_of_Technology | established | 2000<br>Acharya_Institute_of_Technology | wasGivenTheTechnicalCampusStatusBy | All_India_Council_for_Technical_Education",University#6,82,"""Is é an Dr. G.P. Prabhukumar an stiúrthóir ar Institiúid Teicneolaíochta Acharya  (a bunaíodh in 2000) atá lonnaithe in Soldevanahalli, Acharya Dr. Sarvapalli Radhakrishnan Road, Hessarghatta Main Road, Bangalore - 560090. Thug aan Chomhairle Uile-India um Oideachas Teicniúil an stádas de Champas Teicniúil d'Institiúid Teicneolaíochta Acharya in Bangalore.""",ref
ga_483,"""Chraol an BBC Bananaman, atá lonnaithe i dTeach Craolacháin i Londain,  den chéad uair an 10 Márta 1983.""",4,True,True,True,A006,ga,1153,refs,ComicsCharacter,3,"BBC | city | Broadcasting_House<br>Bananaman | broadcastedBy | BBC<br>Bananaman | firstAired | ""1983-10-03""",ComicsCharacter#3,83,"""Chraol an BBC Bananaman, atá lonnaithe i dTeach Craolacháin i Londain,  den chéad uair an 10 Márta 1983.""",ref
ga_183,"Seoladh an BBC, atá lonnaithe sa Teach Sráidbhaile, Bananaman. Seoladh sé don chéad uair ar an 3 Bealtaine 1983.",2,False,False,True,A008,ga,1153,team_d,ComicsCharacter,3,"BBC | city | Broadcasting_House<br>Bananaman | broadcastedBy | BBC<br>Bananaman | firstAired | ""1983-10-03""",ComicsCharacter#3,83,"""Chraol an BBC Bananaman, atá lonnaithe i dTeach Craolacháin i Londain,  den chéad uair an 10 Márta 1983.""",ref
ga_383,"Craolann BBC, lonnaithe i mBroadcasting House, Bananaman, a craol den chéad uair ar 03 Deireadh Fómhair 1983.",2,True,True,True,A009,ga,1153,team_b,ComicsCharacter,3,"BBC | city | Broadcasting_House<br>Bananaman | broadcastedBy | BBC<br>Bananaman | firstAired | ""1983-10-03""",ComicsCharacter#3,83,"""Chraol an BBC Bananaman, atá lonnaithe i dTeach Craolacháin i Londain,  den chéad uair an 10 Márta 1983.""",ref
ga_83,Craoladh Bananaman den chéad uair ar an 3 Deireadh Fómhair 1983 agus chraol an BBC é ó Broadcasting House sa chathair.,5,True,True,True,A005,ga,1153,team_g,ComicsCharacter,3,"BBC | city | Broadcasting_House<br>Bananaman | broadcastedBy | BBC<br>Bananaman | firstAired | ""1983-10-03""",ComicsCharacter#3,83,"""Chraol an BBC Bananaman, atá lonnaithe i dTeach Craolacháin i Londain,  den chéad uair an 10 Márta 1983.""",ref
ga_283,"Tá an BBC suite ag Teach Craolacháin i Londain.  Bananaman, a scaoileadh ar dtús ag an BBC, a scaoileadh den chéad uair ar 3 Deireadh Fómhair 1983.",4,True,True,False,A007,ga,1153,team_a,ComicsCharacter,3,"BBC | city | Broadcasting_House<br>Bananaman | broadcastedBy | BBC<br>Bananaman | firstAired | ""1983-10-03""",ComicsCharacter#3,83,"""Chraol an BBC Bananaman, atá lonnaithe i dTeach Craolacháin i Londain,  den chéad uair an 10 Márta 1983.""",ref
ga_484,"Tá Alan B. Miller Hall lonnaithe i Williamsburg, Achadh an Iúir agus is le Coláiste William & Mary é. Tá Scoil Ghnó Mason lonnaithe ann faoi láthair.",4,True,True,True,A006,ga,169,team_g,Building,3,"Alan_B._Miller_Hall | currentTenants | Mason_School_of_Business<br>Alan_B._Miller_Hall | location | Williamsburg,_Virginia<br>Alan_B._Miller_Hall | owner | College_of_William_&_Mary",Building#3,84,"""Is é Coláiste William agus Mary, atá suite in Williamsburg, Virginia, an láthair do Scoil Ghnó Mason atá suite laistigh de Halla Alan B. Miller.""",ref
ga_184,"Tá Mason School of Business ina tionóntaí in Alan B. Miller Hall, lonnaithe i Williamsburg, Virginia. Is le Coláiste Liam agus Mháire an Alan B. Miller Hall.",3,True,True,True,A008,ga,169,team_b,Building,3,"Alan_B._Miller_Hall | currentTenants | Mason_School_of_Business<br>Alan_B._Miller_Hall | location | Williamsburg,_Virginia<br>Alan_B._Miller_Hall | owner | College_of_William_&_Mary",Building#3,84,"""Is é Coláiste William agus Mary, atá suite in Williamsburg, Virginia, an láthair do Scoil Ghnó Mason atá suite laistigh de Halla Alan B. Miller.""",ref
ga_384,"""Is é Coláiste William agus Mary, atá suite in Williamsburg, Virginia, an láthair do Scoil Ghnó Mason atá suite laistigh de Halla Alan B. Miller.""",2,False,False,False,A009,ga,169,refs,Building,3,"Alan_B._Miller_Hall | currentTenants | Mason_School_of_Business<br>Alan_B._Miller_Hall | location | Williamsburg,_Virginia<br>Alan_B._Miller_Hall | owner | College_of_William_&_Mary",Building#3,84,"""Is é Coláiste William agus Mary, atá suite in Williamsburg, Virginia, an láthair do Scoil Ghnó Mason atá suite laistigh de Halla Alan B. Miller.""",ref
ga_84,"Is iad na múinteoirí reatha de Scoil Gnó Mason Alan B. Miller Hall, Williamsburg, Virginia, atá faoi úinéireacht Choláiste William agus Máire.",5,True,True,True,A005,ga,169,team_a,Building,3,"Alan_B._Miller_Hall | currentTenants | Mason_School_of_Business<br>Alan_B._Miller_Hall | location | Williamsburg,_Virginia<br>Alan_B._Miller_Hall | owner | College_of_William_&_Mary",Building#3,84,"""Is é Coláiste William agus Mary, atá suite in Williamsburg, Virginia, an láthair do Scoil Ghnó Mason atá suite laistigh de Halla Alan B. Miller.""",ref
ga_284,"Is é Scoil Ghnó Mason tionónta reatha Halla Alan B Miller, a bhfuil lonnaithe i Williamsburg Virginia. Is le College of William and Mary é, agus is le Scoil Ghnó Mason é.",4,False,False,True,A007,ga,169,team_d,Building,3,"Alan_B._Miller_Hall | currentTenants | Mason_School_of_Business<br>Alan_B._Miller_Hall | location | Williamsburg,_Virginia<br>Alan_B._Miller_Hall | owner | College_of_William_&_Mary",Building#3,84,"""Is é Coláiste William agus Mary, atá suite in Williamsburg, Virginia, an láthair do Scoil Ghnó Mason atá suite laistigh de Halla Alan B. Miller.""",ref
ga_485,Is é Alma mater Brandon Carter Ollscoil Cambridge.  Tá Ollscoil Cambridge ceangailte le Comhlacht Ollscoileanna na hEorpa.,4,True,True,True,A006,ga,1104,team_a,Scientist,2,Brandon_Carter | almaMater | University_of_Cambridge<br>University_of_Cambridge | affiliation | League_of_European_Research_Universities,Scientist#2,85,Tá Ollscoil Cambridge cleamhnaithe le Léig na nOllscoileanna Taighde Eorpacha agus is alma mater Brandon Carter í.,ref
ga_185,Tá Ollscoil Cambridge cleamhnaithe le Léig na nOllscoileanna Taighde Eorpacha agus is alma mater Brandon Carter í.,4,True,True,True,A008,ga,1104,refs,Scientist,2,Brandon_Carter | almaMater | University_of_Cambridge<br>University_of_Cambridge | affiliation | League_of_European_Research_Universities,Scientist#2,85,Tá Ollscoil Cambridge cleamhnaithe le Léig na nOllscoileanna Taighde Eorpacha agus is alma mater Brandon Carter í.,ref
ga_385,"Dfhreastal Brandon Carter ar Ollscoil Cambridge, a bhfuil cleamhnaithe le Comhghleacaíocht Ollscoileanna Taighde na hEorpa.",1,True,True,True,A009,ga,1104,team_d,Scientist,2,Brandon_Carter | almaMater | University_of_Cambridge<br>University_of_Cambridge | affiliation | League_of_European_Research_Universities,Scientist#2,85,Tá Ollscoil Cambridge cleamhnaithe le Léig na nOllscoileanna Taighde Eorpacha agus is alma mater Brandon Carter í.,ref
ga_85,"D’fhreastail Brandon Carter ar Ollscoil Cambridge, atá cleamhnaithe le Conradh na nOllscoileanna Taighde Eorpacha.",5,True,True,True,A005,ga,1104,team_g,Scientist,2,Brandon_Carter | almaMater | University_of_Cambridge<br>University_of_Cambridge | affiliation | League_of_European_Research_Universities,Scientist#2,85,Tá Ollscoil Cambridge cleamhnaithe le Léig na nOllscoileanna Taighde Eorpacha agus is alma mater Brandon Carter í.,ref
ga_285,Fuair Brandon Carter céim ó University of Cambridge. Tá Ollscoil Cambridge comhcheangailte le League of European Research Universities.,5,True,True,True,A007,ga,1104,team_b,Scientist,2,Brandon_Carter | almaMater | University_of_Cambridge<br>University_of_Cambridge | affiliation | League_of_European_Research_Universities,Scientist#2,85,Tá Ollscoil Cambridge cleamhnaithe le Léig na nOllscoileanna Taighde Eorpacha agus is alma mater Brandon Carter í.,ref
ga_486,"Is é Teach Craolacháin an chathair inar bhunaigh John Reith, an 1ú Barún Reith an BBC. Ba é Steve Bright a chruthaigh Bananaman agus na réaltaí Bill Oddie, agus chraol an BBC é.",3,False,False,True,A006,ga,763,team_g,ComicsCharacter,5,"BBC | city | Broadcasting_House<br>Bananaman | starring | Bill_Oddie<br>Bananaman | creator | Steve_Bright<br>BBC | foundedBy | John_Reith,_1st_Baron_Reith<br>Bananaman | broadcastedBy | BBC",ComicsCharacter#5,86,"""Chraol an BBC Bananaman ina raibh príomhpháirt ag Bill Oddie agus é cruthaithe ag Steve Bright. Bhunaigh an 1ú Barún, John Reith, an BBC agus tá sé lonnaithe ag Teach Craolacháin.""",ref
ga_186,"Tá príomhpháirt i mBananaman, a chruthaigh Steve Bright, ag Bill Oddie. Craolann BBC, lonnaithe i mBroadcasting House, Bananaman. Bhunaigh John Reith, 1st Baron Reith é.",4,True,True,True,A008,ga,763,team_b,ComicsCharacter,5,"BBC | city | Broadcasting_House<br>Bananaman | starring | Bill_Oddie<br>Bananaman | creator | Steve_Bright<br>BBC | foundedBy | John_Reith,_1st_Baron_Reith<br>Bananaman | broadcastedBy | BBC",ComicsCharacter#5,86,"""Chraol an BBC Bananaman ina raibh príomhpháirt ag Bill Oddie agus é cruthaithe ag Steve Bright. Bhunaigh an 1ú Barún, John Reith, an BBC agus tá sé lonnaithe ag Teach Craolacháin.""",ref
ga_386,"Bunaíodh an BBC ag John Reith, an chéad Baron Reith agus tá sé suite i Teach Craolacháin.  Bananaman, a chruthaigh Steve Bright agus a scaoileadh ag an BBC, réaltaí Bill Oddie.",2,True,True,True,A009,ga,763,team_a,ComicsCharacter,5,"BBC | city | Broadcasting_House<br>Bananaman | starring | Bill_Oddie<br>Bananaman | creator | Steve_Bright<br>BBC | foundedBy | John_Reith,_1st_Baron_Reith<br>Bananaman | broadcastedBy | BBC",ComicsCharacter#5,86,"""Chraol an BBC Bananaman ina raibh príomhpháirt ag Bill Oddie agus é cruthaithe ag Steve Bright. Bhunaigh an 1ú Barún, John Reith, an BBC agus tá sé lonnaithe ag Teach Craolacháin.""",ref
ga_86,"""Chraol an BBC Bananaman ina raibh príomhpháirt ag Bill Oddie agus é cruthaithe ag Steve Bright. Bhunaigh an 1ú Barún, John Reith, an BBC agus tá sé lonnaithe ag Teach Craolacháin.""",5,True,True,True,A005,ga,763,refs,ComicsCharacter,5,"BBC | city | Broadcasting_House<br>Bananaman | starring | Bill_Oddie<br>Bananaman | creator | Steve_Bright<br>BBC | foundedBy | John_Reith,_1st_Baron_Reith<br>Bananaman | broadcastedBy | BBC",ComicsCharacter#5,86,"""Chraol an BBC Bananaman ina raibh príomhpháirt ag Bill Oddie agus é cruthaithe ag Steve Bright. Bhunaigh an 1ú Barún, John Reith, an BBC agus tá sé lonnaithe ag Teach Craolacháin.""",ref
ga_286,"Seolann an BBC, a bhunaigh John Reith, an chéad báróin Reith, Bananaman ó Teach Sráidbhaile i gcathair Broadcasting House. Bill Oddie a chruthaigh Bananaman.",3,False,False,True,A007,ga,763,team_d,ComicsCharacter,5,"BBC | city | Broadcasting_House<br>Bananaman | starring | Bill_Oddie<br>Bananaman | creator | Steve_Bright<br>BBC | foundedBy | John_Reith,_1st_Baron_Reith<br>Bananaman | broadcastedBy | BBC",ComicsCharacter#5,86,"""Chraol an BBC Bananaman ina raibh príomhpháirt ag Bill Oddie agus é cruthaithe ag Steve Bright. Bhunaigh an 1ú Barún, John Reith, an BBC agus tá sé lonnaithe ag Teach Craolacháin.""",ref
ga_487,"Bunaíodh Hypermarcas, comhlacht S.A., ar an 2001-01-01 agus is é Mantecorp a fhochomhlacht.",5,True,True,True,A006,ga,1552,team_d,Company,3,Hypermarcas | foundingDate | 2001-01-01<br>Hypermarcas | type | S.A._(corporation)<br>Hypermarcas | subsidiary | Mantecorp,Company#3,87,"""Bunaíodh Hypermarcas, cineál S.A. (corporáid) an 1 Eanáir 2001, agus tá fochuideachta aige darb ainm Mantecorp.""",ref
ga_187,"Bunaíodh Hypermarcas ar 1 Eanáir, 2001 agus is S.A. (corparáid) é. Tá fochuideachta aige ar a dtugtar Mantecorp.",5,True,True,True,A008,ga,1552,team_g,Company,3,Hypermarcas | foundingDate | 2001-01-01<br>Hypermarcas | type | S.A._(corporation)<br>Hypermarcas | subsidiary | Mantecorp,Company#3,87,"""Bunaíodh Hypermarcas, cineál S.A. (corporáid) an 1 Eanáir 2001, agus tá fochuideachta aige darb ainm Mantecorp.""",ref
ga_387,Bunaíodh Hypermarcas ar 01 Eanáir 2001 agus is s.a. é. Is leis Mantecorp.,1,False,False,True,A009,ga,1552,team_b,Company,3,Hypermarcas | foundingDate | 2001-01-01<br>Hypermarcas | type | S.A._(corporation)<br>Hypermarcas | subsidiary | Mantecorp,Company#3,87,"""Bunaíodh Hypermarcas, cineál S.A. (corporáid) an 1 Eanáir 2001, agus tá fochuideachta aige darb ainm Mantecorp.""",ref
ga_87,"Is cuideachta SA é Hypermarcas, a bunaíodh ar 1 Eanáir 2001, agus tá fo-chomhpháirtíocht aige ar a dtugtar Mantecorp.",5,True,True,True,A005,ga,1552,team_a,Company,3,Hypermarcas | foundingDate | 2001-01-01<br>Hypermarcas | type | S.A._(corporation)<br>Hypermarcas | subsidiary | Mantecorp,Company#3,87,"""Bunaíodh Hypermarcas, cineál S.A. (corporáid) an 1 Eanáir 2001, agus tá fochuideachta aige darb ainm Mantecorp.""",ref
ga_287,"""Bunaíodh Hypermarcas, cineál S.A. (corporáid) an 1 Eanáir 2001, agus tá fochuideachta aige darb ainm Mantecorp.""",4,True,True,True,A007,ga,1552,refs,Company,3,Hypermarcas | foundingDate | 2001-01-01<br>Hypermarcas | type | S.A._(corporation)<br>Hypermarcas | subsidiary | Mantecorp,Company#3,87,"""Bunaíodh Hypermarcas, cineál S.A. (corporáid) an 1 Eanáir 2001, agus tá fochuideachta aige darb ainm Mantecorp.""",ref
ga_488,Fuair Liselotte Grschebina bás i bPetah Tikva.,5,True,True,True,A006,ga,561,team_b,Artist,1,Liselotte_Grschebina | deathPlace | Petah_Tikva,Artist#1,88,Fuair Liselotte Grschebina bás in Petah Tikva.,ref
ga_188,Fuair Liselotte Grschebina bás i Petah Tikva.,5,True,True,True,A008,ga,561,team_a,Artist,1,Liselotte_Grschebina | deathPlace | Petah_Tikva,Artist#1,88,Fuair Liselotte Grschebina bás in Petah Tikva.,ref
ga_388,Fuair Liselotte Grschebina bás in Petah Tikva.,5,True,True,True,A009,ga,561,refs,Artist,1,Liselotte_Grschebina | deathPlace | Petah_Tikva,Artist#1,88,Fuair Liselotte Grschebina bás in Petah Tikva.,ref
ga_88,Cailleadh Liselotte Grebina i Petah Tikva.,5,True,True,True,A005,ga,561,team_d,Artist,1,Liselotte_Grschebina | deathPlace | Petah_Tikva,Artist#1,88,Fuair Liselotte Grschebina bás in Petah Tikva.,ref
ga_288,Fuair ​​Liselotte Grschebina bás i Petah Tikva.,5,True,True,True,A007,ga,561,team_g,Artist,1,Liselotte_Grschebina | deathPlace | Petah_Tikva,Artist#1,88,Fuair Liselotte Grschebina bás in Petah Tikva.,ref
ga_489,Tá Institiúid Teicneolaíochta Acharya cleamhnaithe le hOllscoil Teicneolaíochta Visvesvaraya agus tá 700 mac léinn iarchéime aici.,5,True,True,True,A006,ga,1042,refs,University,2,Acharya_Institute_of_Technology | affiliation | Visvesvaraya_Technological_University<br>Acharya_Institute_of_Technology | numberOfPostgraduateStudents | 700,University#2,89,Tá Institiúid Teicneolaíochta Acharya cleamhnaithe le hOllscoil Teicneolaíochta Visvesvaraya agus tá 700 mac léinn iarchéime aici.,ref
ga_189,Tá Institiúid Teicneolaíochta Acharya cleamhnaithe le Ollscoil Teicneolaíochta Visvesvaraya agus tá 700 iarchéimí aige.,4,True,True,True,A008,ga,1042,team_d,University,2,Acharya_Institute_of_Technology | affiliation | Visvesvaraya_Technological_University<br>Acharya_Institute_of_Technology | numberOfPostgraduateStudents | 700,University#2,89,Tá Institiúid Teicneolaíochta Acharya cleamhnaithe le hOllscoil Teicneolaíochta Visvesvaraya agus tá 700 mac léinn iarchéime aici.,ref
ga_389,Tá Institiúid Teicneolaíochta Acharya cleamhnaithe le hOllscoil Theicneolaíoch Visvesvaraya agus tá 700 mac léinn iarchéime aici.,2,True,True,True,A009,ga,1042,team_g,University,2,Acharya_Institute_of_Technology | affiliation | Visvesvaraya_Technological_University<br>Acharya_Institute_of_Technology | numberOfPostgraduateStudents | 700,University#2,89,Tá Institiúid Teicneolaíochta Acharya cleamhnaithe le hOllscoil Teicneolaíochta Visvesvaraya agus tá 700 mac léinn iarchéime aici.,ref
ga_89,Tá Acharya Institute of Technology comhcheangailte le Visvesvaraya Technological University. Tá 700 scoláire iarchéime aige.,5,True,True,True,A005,ga,1042,team_b,University,2,Acharya_Institute_of_Technology | affiliation | Visvesvaraya_Technological_University<br>Acharya_Institute_of_Technology | numberOfPostgraduateStudents | 700,University#2,89,Tá Institiúid Teicneolaíochta Acharya cleamhnaithe le hOllscoil Teicneolaíochta Visvesvaraya agus tá 700 mac léinn iarchéime aici.,ref
ga_289,Tá Institiúid Teicneolaíochta Acharya ceangailte le Ollscoil Teicneolaíochta Visvesvaraya agus tá 700 mac léinn iarchéime ann.,5,True,True,True,A007,ga,1042,team_a,University,2,Acharya_Institute_of_Technology | affiliation | Visvesvaraya_Technological_University<br>Acharya_Institute_of_Technology | numberOfPostgraduateStudents | 700,University#2,89,Tá Institiúid Teicneolaíochta Acharya cleamhnaithe le hOllscoil Teicneolaíochta Visvesvaraya agus tá 700 mac léinn iarchéime aici.,ref
ga_490,"Is scannán Béarla 98 nóiméad é Super Capers ina bhfuil Michael Rooker agus Tom Sizemore, curtha in eagar ag Stacy Katzman, agus arna dháileadh ag Roadside Attractions agus Lionsgate.",3,False,False,True,A006,ga,927,team_g,Film,7,Super_Capers | editing | Stacy_Katzman<br>Super_Capers | starring | Michael_Rooker<br>Super_Capers | starring | Tom_Sizemore<br>Super_Capers | language | English_language<br>Super_Capers | runtime | 98.0<br>Super_Capers | distributor | Roadside_Attractions<br>Super_Capers | distributor | Lionsgate,Film#7,90,Is scannán é Super Capers ina bhfuil príomhpháirteanna ag Michael Rooker agus Tom Sizemore. Tá sé 98 nóiméad ar fad agus is i mBéarla é. Dáiltear é ag Lionsgate agus ag Roadside Attractions. Ba é an t-eagarthaóir air Stacy Katzman.,ref
ga_190,"Bhí Michael Rooker agus Tom Sizemore ina réaltaí i Super capers, a scríobhann sa Bheurla. D'oibrigh an leabhar ag Lionsgate agus Roadside Attractions agus tá sé 98.0 méadar ar fhad.",1,False,False,True,A008,ga,927,team_a,Film,7,Super_Capers | editing | Stacy_Katzman<br>Super_Capers | starring | Michael_Rooker<br>Super_Capers | starring | Tom_Sizemore<br>Super_Capers | language | English_language<br>Super_Capers | runtime | 98.0<br>Super_Capers | distributor | Roadside_Attractions<br>Super_Capers | distributor | Lionsgate,Film#7,90,Is scannán é Super Capers ina bhfuil príomhpháirteanna ag Michael Rooker agus Tom Sizemore. Tá sé 98 nóiméad ar fad agus is i mBéarla é. Dáiltear é ag Lionsgate agus ag Roadside Attractions. Ba é an t-eagarthaóir air Stacy Katzman.,ref
ga_390,"Is é eagarthóir Super Capers, atá príomhpháirt ann ag Michael Rooker agus Tom Sizemore, ná Stacy Katzman. Labhraítear an An Béarla i Super Capers. Tá am rite de 98 ag Super Capers, dáilte ag Roadside Attractions agus Lionsgate.",2,True,True,True,A009,ga,927,team_b,Film,7,Super_Capers | editing | Stacy_Katzman<br>Super_Capers | starring | Michael_Rooker<br>Super_Capers | starring | Tom_Sizemore<br>Super_Capers | language | English_language<br>Super_Capers | runtime | 98.0<br>Super_Capers | distributor | Roadside_Attractions<br>Super_Capers | distributor | Lionsgate,Film#7,90,Is scannán é Super Capers ina bhfuil príomhpháirteanna ag Michael Rooker agus Tom Sizemore. Tá sé 98 nóiméad ar fad agus is i mBéarla é. Dáiltear é ag Lionsgate agus ag Roadside Attractions. Ba é an t-eagarthaóir air Stacy Katzman.,ref
ga_90,"Stacy Kartzman atá mar eagrúchán de Super Capers, ina bhfuil MichaelRooker agus Tom Sizemore mar phríomhpháirtithe. Roadside Attractions agus Lionsgate a dháileálann na Super Capers, a bhfuil ama rith 98 aige.",4,True,True,True,A005,ga,927,team_d,Film,7,Super_Capers | editing | Stacy_Katzman<br>Super_Capers | starring | Michael_Rooker<br>Super_Capers | starring | Tom_Sizemore<br>Super_Capers | language | English_language<br>Super_Capers | runtime | 98.0<br>Super_Capers | distributor | Roadside_Attractions<br>Super_Capers | distributor | Lionsgate,Film#7,90,Is scannán é Super Capers ina bhfuil príomhpháirteanna ag Michael Rooker agus Tom Sizemore. Tá sé 98 nóiméad ar fad agus is i mBéarla é. Dáiltear é ag Lionsgate agus ag Roadside Attractions. Ba é an t-eagarthaóir air Stacy Katzman.,ref
ga_290,Is scannán é Super Capers ina bhfuil príomhpháirteanna ag Michael Rooker agus Tom Sizemore. Tá sé 98 nóiméad ar fad agus is i mBéarla é. Dáiltear é ag Lionsgate agus ag Roadside Attractions. Ba é an t-eagarthaóir air Stacy Katzman.,4,True,True,True,A007,ga,927,refs,Film,7,Super_Capers | editing | Stacy_Katzman<br>Super_Capers | starring | Michael_Rooker<br>Super_Capers | starring | Tom_Sizemore<br>Super_Capers | language | English_language<br>Super_Capers | runtime | 98.0<br>Super_Capers | distributor | Roadside_Attractions<br>Super_Capers | distributor | Lionsgate,Film#7,90,Is scannán é Super Capers ina bhfuil príomhpháirteanna ag Michael Rooker agus Tom Sizemore. Tá sé 98 nóiméad ar fad agus is i mBéarla é. Dáiltear é ag Lionsgate agus ag Roadside Attractions. Ba é an t-eagarthaóir air Stacy Katzman.,ref
ga_491,Rugadh Alan Shepard i New Hampshire ar 18 Samhain 1923 agus is as Stáit Aontaithe Mheiriceá é. Fuair sé bás i gCalifornia. Bhí sé ina bhall foirne d'Apollo 14.,5,True,True,True,A006,ga,1046,team_b,Astronaut,5,"Alan_Shepard | birthDate | ""1923-11-18""<br>Alan_Shepard | nationality | United_States<br>Alan_Shepard | deathPlace | California<br>Alan_Shepard | birthPlace | New_Hampshire<br>Alan_Shepard | mission | Apollo_14",Astronaut#5,91,"""Ba Mheiriceánach é Alan Shepard a rugadh an 18 Samhain 1923 in New Hampshire, a bhí ina bhall de chriú Apollo 14 agus fuair bás in California.""",ref
ga_191,"""Ba Mheiriceánach é Alan Shepard a rugadh an 18 Samhain 1923 in New Hampshire, a bhí ina bhall de chriú Apollo 14 agus fuair bás in California.""",5,False,False,True,A008,ga,1046,refs,Astronaut,5,"Alan_Shepard | birthDate | ""1923-11-18""<br>Alan_Shepard | nationality | United_States<br>Alan_Shepard | deathPlace | California<br>Alan_Shepard | birthPlace | New_Hampshire<br>Alan_Shepard | mission | Apollo_14",Astronaut#5,91,"""Ba Mheiriceánach é Alan Shepard a rugadh an 18 Samhain 1923 in New Hampshire, a bhí ina bhall de chriú Apollo 14 agus fuair bás in California.""",ref
ga_391,"Rugadh Alan Shepard ar 18 Samhain 1923 i Nua-Hamhsair, Stáit Aontaithe Mheiriceá. Bhí sé ina bhall foirne Apollo 14 agus fuair sé bás i California.",3,True,True,True,A009,ga,1046,team_a,Astronaut,5,"Alan_Shepard | birthDate | ""1923-11-18""<br>Alan_Shepard | nationality | United_States<br>Alan_Shepard | deathPlace | California<br>Alan_Shepard | birthPlace | New_Hampshire<br>Alan_Shepard | mission | Apollo_14",Astronaut#5,91,"""Ba Mheiriceánach é Alan Shepard a rugadh an 18 Samhain 1923 in New Hampshire, a bhí ina bhall de chriú Apollo 14 agus fuair bás in California.""",ref
ga_91,"Rugadh Alan Shepard ar an 18 Samhain, 1923 i New Hampshire, Stáit Aontaithe Mheiriceá. Spásaire Meiriceánach a bhí ann a d’eitil ar mhisean Apollo 14 agus a fuair bás i gCalifornia.",5,True,True,True,A005,ga,1046,team_g,Astronaut,5,"Alan_Shepard | birthDate | ""1923-11-18""<br>Alan_Shepard | nationality | United_States<br>Alan_Shepard | deathPlace | California<br>Alan_Shepard | birthPlace | New_Hampshire<br>Alan_Shepard | mission | Apollo_14",Astronaut#5,91,"""Ba Mheiriceánach é Alan Shepard a rugadh an 18 Samhain 1923 in New Hampshire, a bhí ina bhall de chriú Apollo 14 agus fuair bás in California.""",ref
ga_291,Rugadh Alan Shepard i New Hampshire ar an 18 Deireadh Fómhair 1923. Ba náisiúnach de chuid na Stát Aontaithe é agus cailleadh i California é. Ba bhall foirne Apollo 14 é.,5,False,False,True,A007,ga,1046,team_d,Astronaut,5,"Alan_Shepard | birthDate | ""1923-11-18""<br>Alan_Shepard | nationality | United_States<br>Alan_Shepard | deathPlace | California<br>Alan_Shepard | birthPlace | New_Hampshire<br>Alan_Shepard | mission | Apollo_14",Astronaut#5,91,"""Ba Mheiriceánach é Alan Shepard a rugadh an 18 Samhain 1923 in New Hampshire, a bhí ina bhall de chriú Apollo 14 agus fuair bás in California.""",ref
ga_492,"""Tá Leacht an 11ú Cathlán Coisithe Mississippi faoi chuimsiú na catagóire de Réadmhaoin Rannchuiditheach i SAM áit a bhfuil sé suite. Is é láthair dhíreach an leachta Contae Adams, Pennsylvania, i mbardasacht Gettysburg agus tógadh an leacht sa bhliain 2000. Tá Contae Carroll, Maryland, suite taobh thoir theas de Chontae Adams, Pennsylvania.""",3,True,True,True,A006,ga,712,refs,Monument,6,"11th_Mississippi_Infantry_Monument | established | 2000<br>11th_Mississippi_Infantry_Monument | location | Adams_County,_Pennsylvania<br>11th_Mississippi_Infantry_Monument | municipality | Gettysburg,_Pennsylvania<br>Adams_County,_Pennsylvania | hasToItsSoutheast | Carroll_County,_Maryland<br>11th_Mississippi_Infantry_Monument | category | Contributing_property<br>11th_Mississippi_Infantry_Monument | country | ""United States""",Monument#6,92,"""Tá Leacht an 11ú Cathlán Coisithe Mississippi faoi chuimsiú na catagóire de Réadmhaoin Rannchuiditheach i SAM áit a bhfuil sé suite. Is é láthair dhíreach an leachta Contae Adams, Pennsylvania, i mbardasacht Gettysburg agus tógadh an leacht sa bhliain 2000. Tá Contae Carroll, Maryland, suite taobh thoir theas de Chontae Adams, Pennsylvania.""",ref
ga_192,"Bunaíodh an 11ú Séadchomhartha Coisithe Mississippi sa bhliain 2000 i Gettysburg, Pennsylvania, atá lonnaithe i gContae Adams. Tá Contae Adams ar an teorainn thoir theas ag Carroll County, Maryland. Is maoin ranníocach de chuid na Stát Aontaithe é an 11ú Séadchomhartha Coisithe Mississippi.",4,True,True,True,A008,ga,712,team_g,Monument,6,"11th_Mississippi_Infantry_Monument | established | 2000<br>11th_Mississippi_Infantry_Monument | location | Adams_County,_Pennsylvania<br>11th_Mississippi_Infantry_Monument | municipality | Gettysburg,_Pennsylvania<br>Adams_County,_Pennsylvania | hasToItsSoutheast | Carroll_County,_Maryland<br>11th_Mississippi_Infantry_Monument | category | Contributing_property<br>11th_Mississippi_Infantry_Monument | country | ""United States""",Monument#6,92,"""Tá Leacht an 11ú Cathlán Coisithe Mississippi faoi chuimsiú na catagóire de Réadmhaoin Rannchuiditheach i SAM áit a bhfuil sé suite. Is é láthair dhíreach an leachta Contae Adams, Pennsylvania, i mbardasacht Gettysburg agus tógadh an leacht sa bhliain 2000. Tá Contae Carroll, Maryland, suite taobh thoir theas de Chontae Adams, Pennsylvania.""",ref
ga_392,"Tá Leacht an 11ú Buíon Coisithe Mississippi lonnaithe i Gettysburg, Contae Adams, Pennsylvania, a bhfuil Contae Carroll, Maryland, thiar ó dheas ó shin. Cuirtear i gcatagóir mar mhaoin rannpháirteach é agus cuireadh ar bun i 2000 é.",2,True,True,True,A009,ga,712,team_d,Monument,6,"11th_Mississippi_Infantry_Monument | established | 2000<br>11th_Mississippi_Infantry_Monument | location | Adams_County,_Pennsylvania<br>11th_Mississippi_Infantry_Monument | municipality | Gettysburg,_Pennsylvania<br>Adams_County,_Pennsylvania | hasToItsSoutheast | Carroll_County,_Maryland<br>11th_Mississippi_Infantry_Monument | category | Contributing_property<br>11th_Mississippi_Infantry_Monument | country | ""United States""",Monument#6,92,"""Tá Leacht an 11ú Cathlán Coisithe Mississippi faoi chuimsiú na catagóire de Réadmhaoin Rannchuiditheach i SAM áit a bhfuil sé suite. Is é láthair dhíreach an leachta Contae Adams, Pennsylvania, i mbardasacht Gettysburg agus tógadh an leacht sa bhliain 2000. Tá Contae Carroll, Maryland, suite taobh thoir theas de Chontae Adams, Pennsylvania.""",ref
ga_92,"Bunaíodh an 11ú Monument Infantry Mississippi i 2000 agus tá sé aicmithe mar mhaoin ranníocaíochta. Tá sé suite i gComhphobal Gettysburg, Contae Adams, Pennsylvania, Stáit Aontaithe Mheiriceá.  Tá Contae Adams, Pennsylvania i dtuaisceart Contae Carroll, Maryland.",4,True,True,True,A005,ga,712,team_a,Monument,6,"11th_Mississippi_Infantry_Monument | established | 2000<br>11th_Mississippi_Infantry_Monument | location | Adams_County,_Pennsylvania<br>11th_Mississippi_Infantry_Monument | municipality | Gettysburg,_Pennsylvania<br>Adams_County,_Pennsylvania | hasToItsSoutheast | Carroll_County,_Maryland<br>11th_Mississippi_Infantry_Monument | category | Contributing_property<br>11th_Mississippi_Infantry_Monument | country | ""United States""",Monument#6,92,"""Tá Leacht an 11ú Cathlán Coisithe Mississippi faoi chuimsiú na catagóire de Réadmhaoin Rannchuiditheach i SAM áit a bhfuil sé suite. Is é láthair dhíreach an leachta Contae Adams, Pennsylvania, i mbardasacht Gettysburg agus tógadh an leacht sa bhliain 2000. Tá Contae Carroll, Maryland, suite taobh thoir theas de Chontae Adams, Pennsylvania.""",ref
ga_292,"Bunaíodh 11th Mississippi Infantry Monument lonnaithe i gContae Adams, Pennsylvania, Gettysburg, Pennsylvania agus Stáit Aontaithe Mheiriceá i 2000. Is ag cur maoine é 11th Mississippi Infantry Monument. Tá Carroll County, Maryland suite soir dheas ó Chontae Adams, Pennsylvania.",3,True,True,True,A007,ga,712,team_b,Monument,6,"11th_Mississippi_Infantry_Monument | established | 2000<br>11th_Mississippi_Infantry_Monument | location | Adams_County,_Pennsylvania<br>11th_Mississippi_Infantry_Monument | municipality | Gettysburg,_Pennsylvania<br>Adams_County,_Pennsylvania | hasToItsSoutheast | Carroll_County,_Maryland<br>11th_Mississippi_Infantry_Monument | category | Contributing_property<br>11th_Mississippi_Infantry_Monument | country | ""United States""",Monument#6,92,"""Tá Leacht an 11ú Cathlán Coisithe Mississippi faoi chuimsiú na catagóire de Réadmhaoin Rannchuiditheach i SAM áit a bhfuil sé suite. Is é láthair dhíreach an leachta Contae Adams, Pennsylvania, i mbardasacht Gettysburg agus tógadh an leacht sa bhliain 2000. Tá Contae Carroll, Maryland, suite taobh thoir theas de Chontae Adams, Pennsylvania.""",ref
ga_493,"Tá an cód postála DL1, DL2, DL3 ag Darlington.",5,True,True,True,A006,ga,117,team_d,Scientist,1,"Darlington | postalCode | ""DL1, DL2, DL3""",Scientist#1,93,"""Is iad limistéir na gcód poist in Darlington DL1, DL2, DL3.""",ref
ga_193,"Is iad na cóid poist de Dharlington ná DL1, DL2 and DL3.",4,True,True,True,A008,ga,117,team_b,Scientist,1,"Darlington | postalCode | ""DL1, DL2, DL3""",Scientist#1,93,"""Is iad limistéir na gcód poist in Darlington DL1, DL2, DL3.""",ref
ga_393,"Is iad na cóid poist do Darlington ná DL1, DL2, agus DL3.",4,True,True,True,A009,ga,117,team_g,Scientist,1,"Darlington | postalCode | ""DL1, DL2, DL3""",Scientist#1,93,"""Is iad limistéir na gcód poist in Darlington DL1, DL2, DL3.""",ref
ga_93,"""Is iad limistéir na gcód poist in Darlington DL1, DL2, DL3.""",5,True,True,True,A005,ga,117,refs,Scientist,1,"Darlington | postalCode | ""DL1, DL2, DL3""",Scientist#1,93,"""Is iad limistéir na gcód poist in Darlington DL1, DL2, DL3.""",ref
ga_293,"Is iad na cóid postála i Darlington ""DL1, DL2 agus D3"".",4,True,True,True,A007,ga,117,team_a,Scientist,1,"Darlington | postalCode | ""DL1, DL2, DL3""",Scientist#1,93,"""Is iad limistéir na gcód poist in Darlington DL1, DL2, DL3.""",ref
ga_494,Is é Amond Bjørklund an t-údar de Mermaid (an úrscéal traidisiúnta) a tháinig as an lipéad California 37 agus a scríobh Stargate agus Espionage.,5,False,True,True,A006,ga,1611,team_a,MusicalWork,5,Mermaid_(Train_song) | writer | Amund_Bjørklund<br>Mermaid_(Train_song) | writer | Stargate_(production_team)<br>Mermaid_(Train_song) | producer | Espionage_(production_team)<br>Mermaid_(Train_song) | album | California_37_(Train_album)<br>Mermaid_(Train_song) | format | Music_download,MusicalWork#5,94,Is amhrán é “Mermaid” le Train ar an albam “California 37” dá chuid. Léirigh an fhoireann léiriúcháin Espionage agus Stargate an t-amhrán. Scríobh Amund Bjorklund é agus tá sé ar fáil i bhformáid dhigiteach.,ref
ga_194,Scríobh Amund Bjrklund Mermaid (cheol Tráine) agus foireann táirgeachta Stargate. Foilsíodh foireann Spíonálacht Táirgeadh Mermaid (cheol Tráine). Seoladh i bhformáid íoslódála ceoil é.,2,False,False,False,A008,ga,1611,team_d,MusicalWork,5,Mermaid_(Train_song) | writer | Amund_Bjørklund<br>Mermaid_(Train_song) | writer | Stargate_(production_team)<br>Mermaid_(Train_song) | producer | Espionage_(production_team)<br>Mermaid_(Train_song) | album | California_37_(Train_album)<br>Mermaid_(Train_song) | format | Music_download,MusicalWork#5,94,Is amhrán é “Mermaid” le Train ar an albam “California 37” dá chuid. Léirigh an fhoireann léiriúcháin Espionage agus Stargate an t-amhrán. Scríobh Amund Bjorklund é agus tá sé ar fáil i bhformáid dhigiteach.,ref
ga_394,Is amhrán é “Mermaid” le Train ar an albam “California 37” dá chuid. Léirigh an fhoireann léiriúcháin Espionage agus Stargate an t-amhrán. Scríobh Amund Bjorklund é agus tá sé ar fáil i bhformáid dhigiteach.,2,False,True,True,A009,ga,1611,refs,MusicalWork,5,Mermaid_(Train_song) | writer | Amund_Bjørklund<br>Mermaid_(Train_song) | writer | Stargate_(production_team)<br>Mermaid_(Train_song) | producer | Espionage_(production_team)<br>Mermaid_(Train_song) | album | California_37_(Train_album)<br>Mermaid_(Train_song) | format | Music_download,MusicalWork#5,94,Is amhrán é “Mermaid” le Train ar an albam “California 37” dá chuid. Léirigh an fhoireann léiriúcháin Espionage agus Stargate an t-amhrán. Scríobh Amund Bjorklund é agus tá sé ar fáil i bhformáid dhigiteach.,ref
ga_94,"Scríobh Amund Bjørklund agus Stargate Maighdean mhara, a léirigh Spiaireacht. Tá ar fháil i music download Maighdean mhara ar an albam California 37.",3,False,False,True,A005,ga,1611,team_b,MusicalWork,5,Mermaid_(Train_song) | writer | Amund_Bjørklund<br>Mermaid_(Train_song) | writer | Stargate_(production_team)<br>Mermaid_(Train_song) | producer | Espionage_(production_team)<br>Mermaid_(Train_song) | album | California_37_(Train_album)<br>Mermaid_(Train_song) | format | Music_download,MusicalWork#5,94,Is amhrán é “Mermaid” le Train ar an albam “California 37” dá chuid. Léirigh an fhoireann léiriúcháin Espionage agus Stargate an t-amhrán. Scríobh Amund Bjorklund é agus tá sé ar fáil i bhformáid dhigiteach.,ref
ga_294,"Scríobh Amund Bjørklund agus Stargate (foireann léiriúcháin) Mermaid (amhrán Traenach), arna dtáirgeadh ag Espionage (foireann léiriúcháin), agus eisíodh é mar chuid den albam California 37 (albam Traenach) i bhfoirm íoslódáil ceoil.",4,True,True,True,A007,ga,1611,team_g,MusicalWork,5,Mermaid_(Train_song) | writer | Amund_Bjørklund<br>Mermaid_(Train_song) | writer | Stargate_(production_team)<br>Mermaid_(Train_song) | producer | Espionage_(production_team)<br>Mermaid_(Train_song) | album | California_37_(Train_album)<br>Mermaid_(Train_song) | format | Music_download,MusicalWork#5,94,Is amhrán é “Mermaid” le Train ar an albam “California 37” dá chuid. Léirigh an fhoireann léiriúcháin Espionage agus Stargate an t-amhrán. Scríobh Amund Bjorklund é agus tá sé ar fáil i bhformáid dhigiteach.,ref
ga_495,"Tá Institiúid Teicneolaíochta Acharya lonnaithe i Soldevanahalli, Sr. Acharya Sarvapalli Radhakrishnan Road, Hessarghatta Main Road, Bangalore  560090. Thug an Comhairle Uile-India dOideachas Theicniúil i Mumbai stádas an Champas Teicniúil dó.",5,False,True,True,A006,ga,682,team_d,University,5,"Acharya_Institute_of_Technology | campus | ""In Soldevanahalli, Acharya Dr. Sarvapalli Radhakrishnan Road, Hessarghatta Main Road, Bangalore – 560090.""<br>All_India_Council_for_Technical_Education | location | Mumbai<br>Acharya_Institute_of_Technology | affiliation | Visvesvaraya_Technological_University<br>Acharya_Institute_of_Technology | country | ""India""<br>Acharya_Institute_of_Technology | wasGivenTheTechnicalCampusStatusBy | All_India_Council_for_Technical_Education",University#5,95,"""Tá Institiúid Teicneolaíochta Acharya cleamhnaithe le hOllscoil Teicneolaíochta Vesvesvaraya agus thug an Chomhairle Uile-India um Oideachas atá lonnaithe in Mumbai stádas Campais Theicniúil di. Is é seoladh campais d'Institiúid Teicneolaíochta Acharya: Soldevanahalli, Acharya, Dr. Sarvapalli Radhakrishnan Road, Hessarghatta Main Road, Bangalore - 560090.""",ref
ga_195,"Tá ceampas an Institiúide Teicneolaíochta Acharya in Soldevanahalli, Acharya Dr. Sarvapalli Radhakrishnan Road, Hessarghatta Main Road, Bangalore 560090. Tá sé ceangailte le Ollscoil Teicneolaíochta Visvesvaraya agus tugadh stádas 'Campas Teicneolaíochta' dó ag Comhairle na hIndia ar Fhoghlaim Teicneolaíochta.  Tá Comhairle na hIndia ar Fhoghlaim Teicniúil suite i Mumbai.",3,True,True,False,A008,ga,682,team_a,University,5,"Acharya_Institute_of_Technology | campus | ""In Soldevanahalli, Acharya Dr. Sarvapalli Radhakrishnan Road, Hessarghatta Main Road, Bangalore – 560090.""<br>All_India_Council_for_Technical_Education | location | Mumbai<br>Acharya_Institute_of_Technology | affiliation | Visvesvaraya_Technological_University<br>Acharya_Institute_of_Technology | country | ""India""<br>Acharya_Institute_of_Technology | wasGivenTheTechnicalCampusStatusBy | All_India_Council_for_Technical_Education",University#5,95,"""Tá Institiúid Teicneolaíochta Acharya cleamhnaithe le hOllscoil Teicneolaíochta Vesvesvaraya agus thug an Chomhairle Uile-India um Oideachas atá lonnaithe in Mumbai stádas Campais Theicniúil di. Is é seoladh campais d'Institiúid Teicneolaíochta Acharya: Soldevanahalli, Acharya, Dr. Sarvapalli Radhakrishnan Road, Hessarghatta Main Road, Bangalore - 560090.""",ref
ga_395,"Tá Acharya Institute of Technology, comhcheangailte le Visvesvaraya Technological University, lonnaithe in In Soldevanahalli, Acharya Dr. Sarvapalli Radhakrishnan Road, Hessarghatta Main Road, Bangalore – 560090. agus An India. Thug All India Council for Technical Education stádas 'Campas Teicniúil' dó agus tá sé lonnaithe i Mumbai.",3,True,True,True,A009,ga,682,team_b,University,5,"Acharya_Institute_of_Technology | campus | ""In Soldevanahalli, Acharya Dr. Sarvapalli Radhakrishnan Road, Hessarghatta Main Road, Bangalore – 560090.""<br>All_India_Council_for_Technical_Education | location | Mumbai<br>Acharya_Institute_of_Technology | affiliation | Visvesvaraya_Technological_University<br>Acharya_Institute_of_Technology | country | ""India""<br>Acharya_Institute_of_Technology | wasGivenTheTechnicalCampusStatusBy | All_India_Council_for_Technical_Education",University#5,95,"""Tá Institiúid Teicneolaíochta Acharya cleamhnaithe le hOllscoil Teicneolaíochta Vesvesvaraya agus thug an Chomhairle Uile-India um Oideachas atá lonnaithe in Mumbai stádas Campais Theicniúil di. Is é seoladh campais d'Institiúid Teicneolaíochta Acharya: Soldevanahalli, Acharya, Dr. Sarvapalli Radhakrishnan Road, Hessarghatta Main Road, Bangalore - 560090.""",ref
ga_95,"Tá Institiúid Teicneolaíochta Acharya lonnaithe i Soldevanahalli, Acharya Dr. Sarvapalli Radhakrishnan Road, Hessarghatta Main Road, Bangalore – 560090, India agus tá sí cleamhnaithe le hOllscoil Theicneolaíoch Visvesvaraya. Thug Comhairle Uile-India um Oideachas Teicniúil, atá lonnaithe i Mumbai, stádas teicniúil an champais dó.",5,True,True,True,A005,ga,682,team_g,University,5,"Acharya_Institute_of_Technology | campus | ""In Soldevanahalli, Acharya Dr. Sarvapalli Radhakrishnan Road, Hessarghatta Main Road, Bangalore – 560090.""<br>All_India_Council_for_Technical_Education | location | Mumbai<br>Acharya_Institute_of_Technology | affiliation | Visvesvaraya_Technological_University<br>Acharya_Institute_of_Technology | country | ""India""<br>Acharya_Institute_of_Technology | wasGivenTheTechnicalCampusStatusBy | All_India_Council_for_Technical_Education",University#5,95,"""Tá Institiúid Teicneolaíochta Acharya cleamhnaithe le hOllscoil Teicneolaíochta Vesvesvaraya agus thug an Chomhairle Uile-India um Oideachas atá lonnaithe in Mumbai stádas Campais Theicniúil di. Is é seoladh campais d'Institiúid Teicneolaíochta Acharya: Soldevanahalli, Acharya, Dr. Sarvapalli Radhakrishnan Road, Hessarghatta Main Road, Bangalore - 560090.""",ref
ga_295,"""Tá Institiúid Teicneolaíochta Acharya cleamhnaithe le hOllscoil Teicneolaíochta Vesvesvaraya agus thug an Chomhairle Uile-India um Oideachas atá lonnaithe in Mumbai stádas Campais Theicniúil di. Is é seoladh campais d'Institiúid Teicneolaíochta Acharya: Soldevanahalli, Acharya, Dr. Sarvapalli Radhakrishnan Road, Hessarghatta Main Road, Bangalore - 560090.""",5,True,True,True,A007,ga,682,refs,University,5,"Acharya_Institute_of_Technology | campus | ""In Soldevanahalli, Acharya Dr. Sarvapalli Radhakrishnan Road, Hessarghatta Main Road, Bangalore – 560090.""<br>All_India_Council_for_Technical_Education | location | Mumbai<br>Acharya_Institute_of_Technology | affiliation | Visvesvaraya_Technological_University<br>Acharya_Institute_of_Technology | country | ""India""<br>Acharya_Institute_of_Technology | wasGivenTheTechnicalCampusStatusBy | All_India_Council_for_Technical_Education",University#5,95,"""Tá Institiúid Teicneolaíochta Acharya cleamhnaithe le hOllscoil Teicneolaíochta Vesvesvaraya agus thug an Chomhairle Uile-India um Oideachas atá lonnaithe in Mumbai stádas Campais Theicniúil di. Is é seoladh campais d'Institiúid Teicneolaíochta Acharya: Soldevanahalli, Acharya, Dr. Sarvapalli Radhakrishnan Road, Hessarghatta Main Road, Bangalore - 560090.""",ref
ga_496,"Rugadh i Darlington, tá cónaí air san India.  Tá teideal Uachtarán ag ceannaire na hIndia, a bunaíodh ar 26 Eanáir 1950.",2,False,False,True,A006,ga,181,team_a,Scientist,4,Lady_Anne_Monson | residence | India<br>India | leaderTitle | President<br>Lady_Anne_Monson | birthPlace | Darlington<br>India | foundingDate | 1950-01-26,Scientist#4,96,Rugadh an Bhantiarna Anne Monson in Darlington agus cónaíonn sí san India faoi láthair. Bunaíodh an India an 26 Eanáir 1950 agus tá Uachtarán aici mar cheannaire faoi láthair.,ref
ga_196,"Rugadh an Bhantiarna Anne Monson i Darlington agus tá cónaí uirthi san India faoi láthair, a bunaíodh ar 26 Eanáir, 1950 agus atá faoi stiúir Uachtarán.",3,True,True,True,A008,ga,181,team_g,Scientist,4,Lady_Anne_Monson | residence | India<br>India | leaderTitle | President<br>Lady_Anne_Monson | birthPlace | Darlington<br>India | foundingDate | 1950-01-26,Scientist#4,96,Rugadh an Bhantiarna Anne Monson in Darlington agus cónaíonn sí san India faoi láthair. Bunaíodh an India an 26 Eanáir 1950 agus tá Uachtarán aici mar cheannaire faoi láthair.,ref
ga_396,"Rugadh Lady Anne Monson i Darlington agus bhí cónaí air san India, áit a bhfuil an Uachtarán i gceannas agus a bhfuil dáta bunú na tíre 1950-01-26.",2,True,True,True,A009,ga,181,team_d,Scientist,4,Lady_Anne_Monson | residence | India<br>India | leaderTitle | President<br>Lady_Anne_Monson | birthPlace | Darlington<br>India | foundingDate | 1950-01-26,Scientist#4,96,Rugadh an Bhantiarna Anne Monson in Darlington agus cónaíonn sí san India faoi láthair. Bunaíodh an India an 26 Eanáir 1950 agus tá Uachtarán aici mar cheannaire faoi láthair.,ref
ga_96,Rugadh an Bhantiarna Anne Monson in Darlington agus cónaíonn sí san India faoi láthair. Bunaíodh an India an 26 Eanáir 1950 agus tá Uachtarán aici mar cheannaire faoi láthair.,5,True,True,True,A005,ga,181,refs,Scientist,4,Lady_Anne_Monson | residence | India<br>India | leaderTitle | President<br>Lady_Anne_Monson | birthPlace | Darlington<br>India | foundingDate | 1950-01-26,Scientist#4,96,Rugadh an Bhantiarna Anne Monson in Darlington agus cónaíonn sí san India faoi láthair. Bunaíodh an India an 26 Eanáir 1950 agus tá Uachtarán aici mar cheannaire faoi láthair.,ref
ga_296,"Cónaíonn Lady Anne Monson, a rugadh i nDarlington, ins An India. Rialaíonn an Uachtarán An India, a bunaigh ar 26 Eanáir 1950.",3,True,True,True,A007,ga,181,team_b,Scientist,4,Lady_Anne_Monson | residence | India<br>India | leaderTitle | President<br>Lady_Anne_Monson | birthPlace | Darlington<br>India | foundingDate | 1950-01-26,Scientist#4,96,Rugadh an Bhantiarna Anne Monson in Darlington agus cónaíonn sí san India faoi láthair. Bunaíodh an India an 26 Eanáir 1950 agus tá Uachtarán aici mar cheannaire faoi láthair.,ref
ga_497,Tá clár leadóige ag Institiúid Teicneolaíochta Acharya in Bangalore (atá cleamhnaithe le hOllscoil Teicneolaíochta Visvesvaraya).,5,True,True,True,A006,ga,298,refs,University,3,Acharya_Institute_of_Technology | affiliation | Visvesvaraya_Technological_University<br>Acharya_Institute_of_Technology | sportsOffered | Tennis<br>Acharya_Institute_of_Technology | city | Bangalore,University#3,97,Tá clár leadóige ag Institiúid Teicneolaíochta Acharya in Bangalore (atá cleamhnaithe le hOllscoil Teicneolaíochta Visvesvaraya).,ref
ga_197,"Tá Acharya Institute of Technology, lonnaithe i mBangalore, comhcheangailte le Visvesvaraya Technological University. Cuireann sé Leadóg ar fháil mar spórt.",4,True,True,True,A008,ga,298,team_b,University,3,Acharya_Institute_of_Technology | affiliation | Visvesvaraya_Technological_University<br>Acharya_Institute_of_Technology | sportsOffered | Tennis<br>Acharya_Institute_of_Technology | city | Bangalore,University#3,97,Tá clár leadóige ag Institiúid Teicneolaíochta Acharya in Bangalore (atá cleamhnaithe le hOllscoil Teicneolaíochta Visvesvaraya).,ref
ga_397,Tá Institiúid Teicneolaíochta Acharya lonnaithe i Bangalore agus tá sí cleamhnaithe le hOllscoil Theicneolaíoch Visvesvaraya. Cuireann sé spóirt ar nós leadóg.,1,True,True,True,A009,ga,298,team_g,University,3,Acharya_Institute_of_Technology | affiliation | Visvesvaraya_Technological_University<br>Acharya_Institute_of_Technology | sportsOffered | Tennis<br>Acharya_Institute_of_Technology | city | Bangalore,University#3,97,Tá clár leadóige ag Institiúid Teicneolaíochta Acharya in Bangalore (atá cleamhnaithe le hOllscoil Teicneolaíochta Visvesvaraya).,ref
ga_97,Tá Institiúid Teicneolaíochta Acharya lonnaithe i Bangalore agus tá sé cleamhnaithe le Ollscoil Teicneolaíochta Visvesvaraya. Tá tenis ar cheann de na spóirt a thairgeann an Institiúid.,5,True,True,True,A005,ga,298,team_d,University,3,Acharya_Institute_of_Technology | affiliation | Visvesvaraya_Technological_University<br>Acharya_Institute_of_Technology | sportsOffered | Tennis<br>Acharya_Institute_of_Technology | city | Bangalore,University#3,97,Tá clár leadóige ag Institiúid Teicneolaíochta Acharya in Bangalore (atá cleamhnaithe le hOllscoil Teicneolaíochta Visvesvaraya).,ref
ga_297,Tá Institiúid Teicneolaíochta Acharya i Bangalore ceangailte le Ollscoil Teicneolaíochta Visvesvaraya agus tá sé ag freastal ar tenis.,3,True,True,True,A007,ga,298,team_a,University,3,Acharya_Institute_of_Technology | affiliation | Visvesvaraya_Technological_University<br>Acharya_Institute_of_Technology | sportsOffered | Tennis<br>Acharya_Institute_of_Technology | city | Bangalore,University#3,97,Tá clár leadóige ag Institiúid Teicneolaíochta Acharya in Bangalore (atá cleamhnaithe le hOllscoil Teicneolaíochta Visvesvaraya).,ref
ga_498,"Ba é Cyril Bruce stiúrthóir McVeagh of the South Seas, a scríobh Harry Carey (aisteoir a rugadh 1878).",3,False,False,True,A006,ga,666,team_g,Film,2,McVeagh_of_the_South_Seas | director | Cyril_Bruce<br>McVeagh_of_the_South_Seas | writer | Harry_Carey_(actor_born_1878),Film#2,98,"""Ba é Harry Carey (aisteoir a rugadh i 1878) a scríobh an scannán McVeagh of the South Seas, arna stiúradh ag Cyril Bruce.""",ref
ga_198,"""Ba é Harry Carey (aisteoir a rugadh i 1878) a scríobh an scannán McVeagh of the South Seas, arna stiúradh ag Cyril Bruce.""",5,True,True,True,A008,ga,666,refs,Film,2,McVeagh_of_the_South_Seas | director | Cyril_Bruce<br>McVeagh_of_the_South_Seas | writer | Harry_Carey_(actor_born_1878),Film#2,98,"""Ba é Harry Carey (aisteoir a rugadh i 1878) a scríobh an scannán McVeagh of the South Seas, arna stiúradh ag Cyril Bruce.""",ref
ga_398,Scríobh Harry Carey (a rugadh i 1878) an úrscéal McVeagh de The South Seas agus tá Cyril Bruce ina stiúrthóir.,2,True,True,True,A009,ga,666,team_a,Film,2,McVeagh_of_the_South_Seas | director | Cyril_Bruce<br>McVeagh_of_the_South_Seas | writer | Harry_Carey_(actor_born_1878),Film#2,98,"""Ba é Harry Carey (aisteoir a rugadh i 1878) a scríobh an scannán McVeagh of the South Seas, arna stiúradh ag Cyril Bruce.""",ref
ga_98,"Tá Cyril Bruce ina stiúrthóir ar MhcVeagh of the South Seas, a scríobh Harry Carey.",4,False,False,True,A005,ga,666,team_b,Film,2,McVeagh_of_the_South_Seas | director | Cyril_Bruce<br>McVeagh_of_the_South_Seas | writer | Harry_Carey_(actor_born_1878),Film#2,98,"""Ba é Harry Carey (aisteoir a rugadh i 1878) a scríobh an scannán McVeagh of the South Seas, arna stiúradh ag Cyril Bruce.""",ref
ga_298,Rugadh Harry Carey i 1888 agus is é Cyril Bruce stiúrthóir McVeagh of the South Seas.,5,False,False,True,A007,ga,666,team_d,Film,2,McVeagh_of_the_South_Seas | director | Cyril_Bruce<br>McVeagh_of_the_South_Seas | writer | Harry_Carey_(actor_born_1878),Film#2,98,"""Ba é Harry Carey (aisteoir a rugadh i 1878) a scríobh an scannán McVeagh of the South Seas, arna stiúradh ag Cyril Bruce.""",ref
ga_499,Tá Bedford Aerodrome lonnaithe i dThurleigh.,4,True,True,True,A006,ga,1250,team_b,Airport,1,Bedford_Aerodrome | location | Thurleigh,Airport#1,99,Tá Aeradróm Bedford suite in Thurleigh.,ref
ga_199,Is i Thurleigh atá Aerorome Bedford.,5,True,True,True,A008,ga,1250,team_d,Airport,1,Bedford_Aerodrome | location | Thurleigh,Airport#1,99,Tá Aeradróm Bedford suite in Thurleigh.,ref
ga_399,Tá Aeradróm Bedford suite in Thurleigh.,5,True,True,True,A009,ga,1250,refs,Airport,1,Bedford_Aerodrome | location | Thurleigh,Airport#1,99,Tá Aeradróm Bedford suite in Thurleigh.,ref
ga_99,Tá an t-Aerfort Bedford suite i Thurleigh.,5,True,True,True,A005,ga,1250,team_a,Airport,1,Bedford_Aerodrome | location | Thurleigh,Airport#1,99,Tá Aeradróm Bedford suite in Thurleigh.,ref
ga_299,Tá Aeradróm Bedford suite i nDurleigh.,4,False,False,True,A007,ga,1250,team_g,Airport,1,Bedford_Aerodrome | location | Thurleigh,Airport#1,99,Tá Aeradróm Bedford suite in Thurleigh.,ref
